Nome;Morada;ID;Data;Hora (Lisboa);Temperatura(C);Pressao(bar);Bateria(%)
Sensor 2;Rua de Sao Tome;00:13:A2:00:41:EF:C6:D3;04/02/2023;00:03;5,01;2,6958668;83
Sensor 2;Rua de Sao Tome;00:13:A2:00:41:EF:C6:D3;04/02/2023;00:08;5,01;2,72068808;83
Sensor 2;Rua de Sao Tome;00:13:A2:00:41:EF:C6:D3;04/02/2023;00:12;5,01;2,60485544;83
Sensor 2;Rua de Sao Tome;00:13:A2:00:41:EF:C6:D3;04/02/2023;00:17;5,01;2,70000368;84
Sensor 2;Rua de Sao Tome;00:13:A2:00:41:EF:C6:D3;04/02/2023;00:22;5,01;2,72896184;84
Sensor 2;Rua de Sao Tome;00:13:A2:00:41:EF:C6:D3;04/02/2023;00:26;5,01;2,7165512;82
Sensor 2;Rua de Sao Tome;00:13:A2:00:41:EF:C6:D3;04/02/2023;00:31;5,01;2,72482496;84
Sensor 2;Rua de Sao Tome;00:13:A2:00:41:EF:C6:D3;04/02/2023;00:36;5,01;2,68759304;84
Sensor 2;Rua de Sao Tome;00:13:A2:00:41:EF:C6:D3;04/02/2023;00:40;5,01;2,74550936;81
Sensor 2;Rua de Sao Tome;00:13:A2:00:41:EF:C6:D3;04/02/2023;01:00;4,91;2,74137248;83
Sensor 2;Rua de Sao Tome;00:13:A2:00:41:EF:C6:D3;04/02/2023;01:17;4,91;2,70827744;83
Sensor 2;Rua de Sao Tome;00:13:A2:00:41:EF:C6:D3;04/02/2023;01:21;4,91;2,72068808;76
Sensor 2;Rua de Sao Tome;00:13:A2:00:41:EF:C6:D3;04/02/2023;01:26;4,81;2,72482496;84
Sensor 2;Rua de Sao Tome;00:13:A2:00:41:EF:C6:D3;04/02/2023;01:31;4,81;2,70414056;84
Sensor 2;Rua de Sao Tome;00:13:A2:00:41:EF:C6:D3;04/02/2023;01:35;4,81;2,74550936;81
Sensor 2;Rua de Sao Tome;00:13:A2:00:41:EF:C6:D3;04/02/2023;01:40;4,81;2,71241432;83
Sensor 2;Rua de Sao Tome;00:13:A2:00:41:EF:C6:D3;04/02/2023;01:45;4,81;2,73309872;83
Sensor 2;Rua de Sao Tome;00:13:A2:00:41:EF:C6:D3;04/02/2023;01:49;4,81;2,70000368;82
Sensor 2;Rua de Sao Tome;00:13:A2:00:41:EF:C6:D3;04/02/2023;01:54;4,71;2,76619376;83
Sensor 2;Rua de Sao Tome;00:13:A2:00:41:EF:C6:D3;04/02/2023;01:59;4,71;2,74550936;83
Sensor 2;Rua de Sao Tome;00:13:A2:00:41:EF:C6:D3;04/02/2023;02:03;4,71;2,654498;81
Sensor 2;Rua de Sao Tome;00:13:A2:00:41:EF:C6:D3;04/02/2023;02:08;4,62;2,7372356;84
Sensor 2;Rua de Sao Tome;00:13:A2:00:41:EF:C6:D3;04/02/2023;02:13;4,62;2,70414056;84
Sensor 2;Rua de Sao Tome;00:13:A2:00:41:EF:C6:D3;04/02/2023;02:17;4,62;2,7165512;81
Sensor 2;Rua de Sao Tome;00:13:A2:00:41:EF:C6:D3;04/02/2023;02:22;4,62;2,74964624;83
Sensor 2;Rua de Sao Tome;00:13:A2:00:41:EF:C6:D3;04/02/2023;02:27;4,62;2,70000368;83
Sensor 2;Rua de Sao Tome;00:13:A2:00:41:EF:C6:D3;04/02/2023;02:31;4,52;2,72896184;82
Sensor 2;Rua de Sao Tome;00:13:A2:00:41:EF:C6:D3;04/02/2023;02:36;4,52;2,74550936;83
Sensor 2;Rua de Sao Tome;00:13:A2:00:41:EF:C6:D3;04/02/2023;02:41;4,52;2,76205688;85
Sensor 2;Rua de Sao Tome;00:13:A2:00:41:EF:C6:D3;04/02/2023;02:45;4,52;2,7786044;78
Sensor 2;Rua de Sao Tome;00:13:A2:00:41:EF:C6:D3;04/02/2023;02:50;4,52;2,70827744;85
Sensor 2;Rua de Sao Tome;00:13:A2:00:41:EF:C6:D3;04/02/2023;02:55;4,42;2,72482496;84
Sensor 2;Rua de Sao Tome;00:13:A2:00:41:EF:C6:D3;04/02/2023;02:59;4,42;2,75378312;81
Sensor 2;Rua de Sao Tome;00:13:A2:00:41:EF:C6:D3;04/02/2023;03:04;4,42;2,73309872;83
Sensor 2;Rua de Sao Tome;00:13:A2:00:41:EF:C6:D3;04/02/2023;03:09;4,42;2,74550936;85
Sensor 2;Rua de Sao Tome;00:13:A2:00:41:EF:C6:D3;04/02/2023;03:13;4,42;2,75378312;82
Sensor 2;Rua de Sao Tome;00:13:A2:00:41:EF:C6:D3;04/02/2023;03:18;4,32;2,74137248;85
Sensor 2;Rua de Sao Tome;00:13:A2:00:41:EF:C6:D3;04/02/2023;03:23;4,32;2,72896184;84
Sensor 2;Rua de Sao Tome;00:13:A2:00:41:EF:C6:D3;04/02/2023;03:27;4,32;2,78274128;81
Sensor 2;Rua de Sao Tome;00:13:A2:00:41:EF:C6:D3;04/02/2023;03:32;4,32;2,78274128;84
Sensor 2;Rua de Sao Tome;00:13:A2:00:41:EF:C6:D3;04/02/2023;03:37;4,32;2,79515192;83
Sensor 2;Rua de Sao Tome;00:13:A2:00:41:EF:C6:D3;04/02/2023;03:41;4,32;2,77446752;82
Sensor 2;Rua de Sao Tome;00:13:A2:00:41:EF:C6:D3;04/02/2023;03:46;4,23;2,826868;84
Sensor 2;Rua de Sao Tome;00:13:A2:00:41:EF:C6:D3;04/02/2023;03:51;4,23;2,82066268;85
Sensor 2;Rua de Sao Tome;00:13:A2:00:41:EF:C6:D3;04/02/2023;03:55;4,23;2,81238892;82
Sensor 2;Rua de Sao Tome;00:13:A2:00:41:EF:C6:D3;04/02/2023;04:00;4,23;2,83514176;84
Sensor 2;Rua de Sao Tome;00:13:A2:00:41:EF:C6:D3;04/02/2023;04:05;4,23;2,81238892;84
Sensor 2;Rua de Sao Tome;00:13:A2:00:41:EF:C6:D3;04/02/2023;04:09;4,23;2,82066268;82
Sensor 2;Rua de Sao Tome;00:13:A2:00:41:EF:C6:D3;04/02/2023;04:14;4,23;2,7992888;84
Sensor 2;Rua de Sao Tome;00:13:A2:00:41:EF:C6:D3;04/02/2023;04:19;4,13;2,8165258;85
Sensor 2;Rua de Sao Tome;00:13:A2:00:41:EF:C6:D3;04/02/2023;04:23;4,13;2,8165258;82
Sensor 2;Rua de Sao Tome;00:13:A2:00:41:EF:C6:D3;04/02/2023;04:29;4,13;2,82479956;83
Sensor 2;Rua de Sao Tome;00:13:A2:00:41:EF:C6:D3;04/02/2023;04:34;4,13;2,85582616;83
Sensor 2;Rua de Sao Tome;00:13:A2:00:41:EF:C6:D3;04/02/2023;04:38;4,13;2,8165258;81
Sensor 2;Rua de Sao Tome;00:13:A2:00:41:EF:C6:D3;04/02/2023;04:44;4,03;2,82479956;84
Sensor 2;Rua de Sao Tome;00:13:A2:00:41:EF:C6:D3;04/02/2023;04:49;4,03;2,85168928;84
Sensor 2;Rua de Sao Tome;00:13:A2:00:41:EF:C6:D3;04/02/2023;04:53;4,03;2,8475524;77
Sensor 2;Rua de Sao Tome;00:13:A2:00:41:EF:C6:D3;04/02/2023;04:59;4,03;2,83927864;84
Sensor 2;Rua de Sao Tome;00:13:A2:00:41:EF:C6:D3;04/02/2023;05:04;4,03;2,83927864;83
Sensor 2;Rua de Sao Tome;00:13:A2:00:41:EF:C6:D3;04/02/2023;05:08;4,03;2,89512652;82
Sensor 2;Rua de Sao Tome;00:13:A2:00:41:EF:C6:D3;04/02/2023;05:14;4,03;2,86616836;84
Sensor 2;Rua de Sao Tome;00:13:A2:00:41:EF:C6:D3;04/02/2023;05:19;3,93;2,89512652;84
Sensor 2;Rua de Sao Tome;00:13:A2:00:41:EF:C6:D3;04/02/2023;05:23;3,93;2,826868;81
Sensor 2;Rua de Sao Tome;00:13:A2:00:41:EF:C6:D3;04/02/2023;05:29;3,93;2,87444212;84
Sensor 2;Rua de Sao Tome;00:13:A2:00:41:EF:C6:D3;04/02/2023;05:34;3,93;2,88685276;84
Sensor 2;Rua de Sao Tome;00:13:A2:00:41:EF:C6:D3;04/02/2023;05:38;3,93;2,83927864;81
Sensor 2;Rua de Sao Tome;00:13:A2:00:41:EF:C6:D3;04/02/2023;05:44;3,93;2,85996304;84
Sensor 2;Rua de Sao Tome;00:13:A2:00:41:EF:C6:D3;04/02/2023;05:49;3,93;2,85582616;83
Sensor 2;Rua de Sao Tome;00:13:A2:00:41:EF:C6:D3;04/02/2023;05:53;3,93;2,87444212;81
Sensor 2;Rua de Sao Tome;00:13:A2:00:41:EF:C6:D3;04/02/2023;05:59;3,83;2,82479956;85
Sensor 2;Rua de Sao Tome;00:13:A2:00:41:EF:C6:D3;04/02/2023;06:04;3,83;2,85582616;84
Sensor 2;Rua de Sao Tome;00:13:A2:00:41:EF:C6:D3;04/02/2023;06:08;3,83;2,84341552;77
Sensor 2;Rua de Sao Tome;00:13:A2:00:41:EF:C6:D3;04/02/2023;06:14;3,83;2,83514176;82
Sensor 2;Rua de Sao Tome;00:13:A2:00:41:EF:C6:D3;04/02/2023;06:19;3,74;2,85996304;83
Sensor 2;Rua de Sao Tome;00:13:A2:00:41:EF:C6:D3;04/02/2023;06:23;3,74;2,87030524;81
Sensor 2;Rua de Sao Tome;00:13:A2:00:41:EF:C6:D3;04/02/2023;06:29;3,74;2,84341552;85
Sensor 2;Rua de Sao Tome;00:13:A2:00:41:EF:C6:D3;04/02/2023;06:34;3,74;2,91167404;84
Sensor 2;Rua de Sao Tome;00:13:A2:00:41:EF:C6:D3;04/02/2023;06:38;3,74;2,88271588;74
Sensor 2;Rua de Sao Tome;00:13:A2:00:41:EF:C6:D3;04/02/2023;06:44;3,74;2,89098964;84
Sensor 2;Rua de Sao Tome;00:13:A2:00:41:EF:C6:D3;04/02/2023;06:49;3,64;2,85996304;83
Sensor 2;Rua de Sao Tome;00:13:A2:00:41:EF:C6:D3;04/02/2023;06:53;3,64;2,88271588;81
Sensor 2;Rua de Sao Tome;00:13:A2:00:41:EF:C6:D3;04/02/2023;06:59;3,64;2,8475524;84
Sensor 2;Rua de Sao Tome;00:13:A2:00:41:EF:C6:D3;04/02/2023;07:04;3,64;2,83514176;83
Sensor 2;Rua de Sao Tome;00:13:A2:00:41:EF:C6:D3;04/02/2023;07:08;3,64;2,86616836;81
Sensor 2;Rua de Sao Tome;00:13:A2:00:41:EF:C6:D3;04/02/2023;07:14;3,64;2,878579;84
Sensor 2;Rua de Sao Tome;00:13:A2:00:41:EF:C6:D3;04/02/2023;07:19;3,64;2,83514176;84
Sensor 2;Rua de Sao Tome;00:13:A2:00:41:EF:C6:D3;04/02/2023;07:23;3,64;2,87030524;81
Sensor 2;Rua de Sao Tome;00:13:A2:00:41:EF:C6:D3;04/02/2023;07:29;3,54;2,87444212;82
Sensor 2;Rua de Sao Tome;00:13:A2:00:41:EF:C6:D3;04/02/2023;07:34;3,54;2,91167404;83
Sensor 2;Rua de Sao Tome;00:13:A2:00:41:EF:C6:D3;04/02/2023;07:38;3,54;2,80411516;81
Sensor 2;Rua de Sao Tome;00:13:A2:00:41:EF:C6:D3;04/02/2023;07:47;3,54;2,78687816;85
Sensor 2;Rua de Sao Tome;00:13:A2:00:41:EF:C6:D3;04/02/2023;08:21;3,44;2,81238892;80
Sensor 2;Rua de Sao Tome;00:13:A2:00:41:EF:C6:D3;04/02/2023;09:07;3,54;2,74964624;81
Sensor 2;Rua de Sao Tome;00:13:A2:00:41:EF:C6:D3;04/02/2023;10:06;3,93;2,72068808;82
Sensor 2;Rua de Sao Tome;00:13:A2:00:41:EF:C6:D3;04/02/2023;10:11;4,13;2,73309872;84
Sensor 2;Rua de Sao Tome;00:13:A2:00:41:EF:C6:D3;04/02/2023;10:16;4,32;2,79101504;83
Sensor 2;Rua de Sao Tome;00:13:A2:00:41:EF:C6:D3;04/02/2023;10:20;4,42;2,75378312;76
Sensor 2;Rua de Sao Tome;00:13:A2:00:41:EF:C6:D3;04/02/2023;10:25;4,62;2,79515192;84
Sensor 2;Rua de Sao Tome;00:13:A2:00:41:EF:C6:D3;04/02/2023;10:31;4,81;2,7372356;83
Sensor 2;Rua de Sao Tome;00:13:A2:00:41:EF:C6:D3;04/02/2023;10:35;4,91;2,67104552;81
Sensor 2;Rua de Sao Tome;00:13:A2:00:41:EF:C6:D3;04/02/2023;10:40;5,11;2,67931928;84
Sensor 2;Rua de Sao Tome;00:13:A2:00:41:EF:C6:D3;04/02/2023;10:45;5,3;2,7372356;83
Sensor 2;Rua de Sao Tome;00:13:A2:00:41:EF:C6:D3;04/02/2023;10:49;5,4;2,73309872;82
Sensor 2;Rua de Sao Tome;00:13:A2:00:41:EF:C6:D3;04/02/2023;13:15;6,67;2,55866028;84
Sensor 2;Rua de Sao Tome;00:13:A2:00:41:EF:C6:D3;04/02/2023;13:30;6,67;2,64622424;82
Sensor 2;Rua de Sao Tome;00:13:A2:00:41:EF:C6:D3;04/02/2023;13:33;6,67;2,69172992;82
Sensor 2;Rua de Sao Tome;00:13:A2:00:41:EF:C6:D3;04/02/2023;13:38;6,67;2,60485544;85
Sensor 2;Rua de Sao Tome;00:13:A2:00:41:EF:C6:D3;04/02/2023;13:43;6,67;2,68759304;84
Sensor 2;Rua de Sao Tome;00:13:A2:00:41:EF:C6:D3;04/02/2023;13:47;6,67;2,74550936;74
Sensor 2;Rua de Sao Tome;00:13:A2:00:41:EF:C6:D3;04/02/2023;13:52;6,57;2,69172992;84
Sensor 2;Rua de Sao Tome;00:13:A2:00:41:EF:C6:D3;04/02/2023;13:57;6,57;2,69172992;84
Sensor 2;Rua de Sao Tome;00:13:A2:00:41:EF:C6:D3;04/02/2023;14:02;6,57;2,65863488;81
Sensor 2;Rua de Sao Tome;00:13:A2:00:41:EF:C6:D3;04/02/2023;14:07;6,57;2,57934468;83
Sensor 2;Rua de Sao Tome;00:13:A2:00:41:EF:C6:D3;04/02/2023;14:12;6,57;2,67104552;84
Sensor 2;Rua de Sao Tome;00:13:A2:00:41:EF:C6:D3;04/02/2023;14:16;6,57;2,6958668;81
Sensor 2;Rua de Sao Tome;00:13:A2:00:41:EF:C6:D3;04/02/2023;14:21;6,57;2,6338136;83
Sensor 2;Rua de Sao Tome;00:13:A2:00:41:EF:C6:D3;04/02/2023;14:26;6,57;2,72068808;84
Sensor 2;Rua de Sao Tome;00:13:A2:00:41:EF:C6:D3;04/02/2023;14:30;6,57;2,6958668;81
Sensor 2;Rua de Sao Tome;00:13:A2:00:41:EF:C6:D3;04/02/2023;14:35;6,57;2,67931928;83
Sensor 2;Rua de Sao Tome;00:13:A2:00:41:EF:C6:D3;04/02/2023;16:00;6,47;2,59658168;83
Sensor 2;Rua de Sao Tome;00:13:A2:00:41:EF:C6:D3;04/02/2023;16:17;6,47;2,56279716;82
Sensor 2;Rua de Sao Tome;00:13:A2:00:41:EF:C6:D3;04/02/2023;16:20;6,47;2,7165512;82
Sensor 2;Rua de Sao Tome;00:13:A2:00:41:EF:C6:D3;04/02/2023;16:25;6,38;2,6958668;82
Sensor 2;Rua de Sao Tome;00:13:A2:00:41:EF:C6:D3;04/02/2023;16:30;6,38;2,63795048;84
Sensor 2;Rua de Sao Tome;00:13:A2:00:41:EF:C6:D3;04/02/2023;16:34;6,38;2,68345616;81
Sensor 2;Rua de Sao Tome;00:13:A2:00:41:EF:C6:D3;04/02/2023;16:39;6,38;2,654498;84
Sensor 2;Rua de Sao Tome;00:13:A2:00:41:EF:C6:D3;04/02/2023;16:44;6,38;2,7786044;83
Sensor 2;Rua de Sao Tome;00:13:A2:00:41:EF:C6:D3;04/02/2023;16:48;6,38;2,81238892;81
Sensor 2;Rua de Sao Tome;00:13:A2:00:41:EF:C6:D3;04/02/2023;16:53;6,38;2,64622424;84
Sensor 2;Rua de Sao Tome;00:13:A2:00:41:EF:C6:D3;04/02/2023;16:59;6,38;2,6958668;84
Sensor 2;Rua de Sao Tome;00:13:A2:00:41:EF:C6:D3;04/02/2023;17:03;6,38;2,65036112;81
Sensor 2;Rua de Sao Tome;00:13:A2:00:41:EF:C6:D3;04/02/2023;17:08;6,38;2,65863488;83
Sensor 2;Rua de Sao Tome;00:13:A2:00:41:EF:C6:D3;04/02/2023;17:13;6,28;2,67931928;83
Sensor 2;Rua de Sao Tome;00:13:A2:00:41:EF:C6:D3;04/02/2023;17:17;6,28;2,74964624;81
Sensor 2;Rua de Sao Tome;00:13:A2:00:41:EF:C6:D3;04/02/2023;17:22;6,28;2,67931928;84
Sensor 2;Rua de Sao Tome;00:13:A2:00:41:EF:C6:D3;04/02/2023;17:27;6,18;2,72896184;82
Sensor 2;Rua de Sao Tome;00:13:A2:00:41:EF:C6:D3;04/02/2023;17:31;6,18;2,62967672;81
Sensor 2;Rua de Sao Tome;00:13:A2:00:41:EF:C6:D3;04/02/2023;17:36;6,18;2,61726608;81
Sensor 2;Rua de Sao Tome;00:13:A2:00:41:EF:C6:D3;04/02/2023;17:41;6,18;2,62140296;83
Sensor 2;Rua de Sao Tome;00:13:A2:00:41:EF:C6:D3;04/02/2023;17:45;6,18;2,59175532;77
Sensor 2;Rua de Sao Tome;00:13:A2:00:41:EF:C6:D3;04/02/2023;17:50;6,08;2,6338136;83
Sensor 2;Rua de Sao Tome;00:13:A2:00:41:EF:C6:D3;04/02/2023;17:55;6,08;2,654498;84
Sensor 2;Rua de Sao Tome;00:13:A2:00:41:EF:C6:D3;04/02/2023;17:59;6,08;2,75792;74
Sensor 2;Rua de Sao Tome;00:13:A2:00:41:EF:C6:D3;04/02/2023;18:04;6,08;2,76205688;83
Sensor 2;Rua de Sao Tome;00:13:A2:00:41:EF:C6:D3;04/02/2023;18:09;5,98;2,70000368;84
Sensor 2;Rua de Sao Tome;00:13:A2:00:41:EF:C6:D3;04/02/2023;18:13;5,98;2,68759304;74
Sensor 2;Rua de Sao Tome;00:13:A2:00:41:EF:C6:D3;04/02/2023;18:18;5,98;2,4924702;82
Sensor 2;Rua de Sao Tome;00:13:A2:00:41:EF:C6:D3;04/02/2023;18:23;5,89;2,65036112;83
Sensor 2;Rua de Sao Tome;00:13:A2:00:41:EF:C6:D3;04/02/2023;18:27;5,89;2,63795048;75
Sensor 2;Rua de Sao Tome;00:13:A2:00:41:EF:C6:D3;04/02/2023;18:32;5,89;2,66277176;83
Sensor 2;Rua de Sao Tome;00:13:A2:00:41:EF:C6:D3;04/02/2023;18:37;5,89;2,62967672;84
Sensor 2;Rua de Sao Tome;00:13:A2:00:41:EF:C6:D3;04/02/2023;18:41;5,89;2,68759304;75
Sensor 2;Rua de Sao Tome;00:13:A2:00:41:EF:C6:D3;04/02/2023;18:46;5,79;2,63795048;82
Sensor 2;Rua de Sao Tome;00:13:A2:00:41:EF:C6:D3;04/02/2023;18:51;5,79;2,73309872;84
Sensor 2;Rua de Sao Tome;00:13:A2:00:41:EF:C6:D3;04/02/2023;18:55;5,79;2,60071856;81
Sensor 2;Rua de Sao Tome;00:13:A2:00:41:EF:C6:D3;04/02/2023;19:00;5,79;2,65036112;84
Sensor 2;Rua de Sao Tome;00:13:A2:00:41:EF:C6:D3;04/02/2023;19:05;5,69;2,52556524;84
Sensor 2;Rua de Sao Tome;00:13:A2:00:41:EF:C6:D3;04/02/2023;19:09;5,69;2,70414056;81
Sensor 2;Rua de Sao Tome;00:13:A2:00:41:EF:C6:D3;04/02/2023;19:14;5,69;2,66690864;84
Sensor 2;Rua de Sao Tome;00:13:A2:00:41:EF:C6:D3;04/02/2023;19:19;5,69;2,57107092;82
Sensor 2;Rua de Sao Tome;00:13:A2:00:41:EF:C6:D3;04/02/2023;19:23;5,69;2,67931928;82
Sensor 2;Rua de Sao Tome;00:13:A2:00:41:EF:C6:D3;04/02/2023;19:29;5,69;2,72482496;81
Sensor 2;Rua de Sao Tome;00:13:A2:00:41:EF:C6:D3;04/02/2023;19:34;5,69;2,48005956;82
Sensor 2;Rua de Sao Tome;00:13:A2:00:41:EF:C6:D3;04/02/2023;19:38;5,69;2,65863488;81
Sensor 2;Rua de Sao Tome;00:13:A2:00:41:EF:C6:D3;04/02/2023;19:44;5,59;2,6751824;84
Sensor 2;Rua de Sao Tome;00:13:A2:00:41:EF:C6:D3;04/02/2023;19:49;5,59;2,66690864;82
Sensor 2;Rua de Sao Tome;00:13:A2:00:41:EF:C6:D3;04/02/2023;19:53;5,59;2,75792;82
Sensor 2;Rua de Sao Tome;00:13:A2:00:41:EF:C6:D3;04/02/2023;19:59;5,59;2,75792;82
Sensor 2;Rua de Sao Tome;00:13:A2:00:41:EF:C6:D3;04/02/2023;20:04;5,5;2,70414056;84
Sensor 2;Rua de Sao Tome;00:13:A2:00:41:EF:C6:D3;04/02/2023;20:08;5,59;2,64208736;82
Sensor 2;Rua de Sao Tome;00:13:A2:00:41:EF:C6:D3;04/02/2023;20:14;5,5;2,654498;84
Sensor 2;Rua de Sao Tome;00:13:A2:00:41:EF:C6:D3;04/02/2023;20:19;5,5;2,67104552;82
Sensor 2;Rua de Sao Tome;00:13:A2:00:41:EF:C6:D3;04/02/2023;20:23;5,5;2,52142836;82
Sensor 2;Rua de Sao Tome;00:13:A2:00:41:EF:C6:D3;04/02/2023;20:30;5,5;2,59175532;83
Sensor 2;Rua de Sao Tome;00:13:A2:00:41:EF:C6:D3;04/02/2023;20:44;5,5;2,60071856;83
Sensor 2;Rua de Sao Tome;00:13:A2:00:41:EF:C6:D3;04/02/2023;20:49;5,5;2,654498;83
Sensor 2;Rua de Sao Tome;00:13:A2:00:41:EF:C6:D3;04/02/2023;20:53;5,5;2,70414056;81
Sensor 2;Rua de Sao Tome;00:13:A2:00:41:EF:C6:D3;04/02/2023;20:59;5,4;2,6338136;84
Sensor 2;Rua de Sao Tome;00:13:A2:00:41:EF:C6:D3;04/02/2023;21:04;5,4;2,55866028;82
Sensor 2;Rua de Sao Tome;00:13:A2:00:41:EF:C6:D3;04/02/2023;21:08;5,4;2,61726608;81
Sensor 2;Rua de Sao Tome;00:13:A2:00:41:EF:C6:D3;04/02/2023;21:15;5,4;2,69172992;82
Sensor 2;Rua de Sao Tome;00:13:A2:00:41:EF:C6:D3;04/02/2023;21:29;5,4;2,654498;83
Sensor 2;Rua de Sao Tome;00:13:A2:00:41:EF:C6:D3;04/02/2023;21:35;5,4;2,74137248;83
Sensor 2;Rua de Sao Tome;00:13:A2:00:41:EF:C6:D3;04/02/2023;21:39;5,4;2,72482496;81
Sensor 2;Rua de Sao Tome;00:13:A2:00:41:EF:C6:D3;04/02/2023;21:44;5,3;2,65863488;83
Sensor 2;Rua de Sao Tome;00:13:A2:00:41:EF:C6:D3;04/02/2023;22:04;5,3;2,69172992;84
Sensor 2;Rua de Sao Tome;00:13:A2:00:41:EF:C6:D3;04/02/2023;22:08;5,3;2,72068808;81
Sensor 2;Rua de Sao Tome;00:13:A2:00:41:EF:C6:D3;04/02/2023;22:14;5,2;2,70000368;82
Sensor 2;Rua de Sao Tome;00:13:A2:00:41:EF:C6:D3;04/02/2023;22:19;5,2;2,77033064;84
Sensor 2;Rua de Sao Tome;00:13:A2:00:41:EF:C6:D3;04/02/2023;22:23;5,2;2,6751824;81
Sensor 2;Rua de Sao Tome;00:13:A2:00:41:EF:C6:D3;04/02/2023;22:29;5,2;2,67104552;84
Sensor 2;Rua de Sao Tome;00:13:A2:00:41:EF:C6:D3;04/02/2023;22:34;5,2;2,6958668;82
Sensor 2;Rua de Sao Tome;00:13:A2:00:41:EF:C6:D3;04/02/2023;22:38;5,2;2,67931928;81
Sensor 2;Rua de Sao Tome;00:13:A2:00:41:EF:C6:D3;04/02/2023;22:44;5,11;2,68759304;83
Sensor 2;Rua de Sao Tome;00:13:A2:00:41:EF:C6:D3;04/02/2023;22:49;5,11;2,72896184;84
Sensor 2;Rua de Sao Tome;00:13:A2:00:41:EF:C6:D3;04/02/2023;22:53;5,11;2,70827744;81
Sensor 2;Rua de Sao Tome;00:13:A2:00:41:EF:C6:D3;04/02/2023;22:59;5,11;2,7372356;83
Sensor 2;Rua de Sao Tome;00:13:A2:00:41:EF:C6:D3;04/02/2023;23:04;5,11;2,654498;84
Sensor 2;Rua de Sao Tome;00:13:A2:00:41:EF:C6:D3;04/02/2023;23:08;5,11;2,66690864;81
Sensor 2;Rua de Sao Tome;00:13:A2:00:41:EF:C6:D3;04/02/2023;23:14;5,11;2,58761844;83
Sensor 2;Rua de Sao Tome;00:13:A2:00:41:EF:C6:D3;04/02/2023;23:19;5,01;2,66690864;82
Sensor 2;Rua de Sao Tome;00:13:A2:00:41:EF:C6:D3;04/02/2023;23:23;5,01;2,68345616;77
Sensor 2;Rua de Sao Tome;00:13:A2:00:41:EF:C6:D3;04/02/2023;23:29;5,01;2,68345616;83
Sensor 2;Rua de Sao Tome;00:13:A2:00:41:EF:C6:D3;04/02/2023;23:34;5,01;2,74964624;82
Sensor 2;Rua de Sao Tome;00:13:A2:00:41:EF:C6:D3;04/02/2023;23:38;5,01;2,72068808;81
Sensor 2;Rua de Sao Tome;00:13:A2:00:41:EF:C6:D3;04/02/2023;23:44;5,01;2,77446752;82
Sensor 2;Rua de Sao Tome;00:13:A2:00:41:EF:C6:D3;04/02/2023;23:54;5,01;2,70414056;83
Sensor 2;Rua de Sao Tome;00:13:A2:00:41:EF:C6:D3;04/02/2023;23:58;5,01;2,68759304;81
Sensor 2;Rua de Sao Tome;00:13:A2:00:41:EF:C6:D3;05/02/2023;00:03;4,91;2,69172992;82
Sensor 2;Rua de Sao Tome;00:13:A2:00:41:EF:C6:D3;05/02/2023;00:08;4,91;2,68345616;83
Sensor 2;Rua de Sao Tome;00:13:A2:00:41:EF:C6:D3;05/02/2023;00:12;4,91;2,68759304;73
Sensor 2;Rua de Sao Tome;00:13:A2:00:41:EF:C6:D3;05/02/2023;00:17;4,91;2,74137248;84
Sensor 2;Rua de Sao Tome;00:13:A2:00:41:EF:C6:D3;05/02/2023;00:22;4,91;2,70827744;83
Sensor 2;Rua de Sao Tome;00:13:A2:00:41:EF:C6:D3;05/02/2023;00:26;4,91;2,68759304;74
Sensor 2;Rua de Sao Tome;00:13:A2:00:41:EF:C6:D3;05/02/2023;00:31;4,91;2,6751824;83
Sensor 2;Rua de Sao Tome;00:13:A2:00:41:EF:C6:D3;05/02/2023;00:37;4,91;2,7165512;82
Sensor 2;Rua de Sao Tome;00:13:A2:00:41:EF:C6:D3;05/02/2023;01:14;4,71;2,72896184;82
Sensor 2;Rua de Sao Tome;00:13:A2:00:41:EF:C6:D3;05/02/2023;01:22;4,71;2,74137248;84
Sensor 2;Rua de Sao Tome;00:13:A2:00:41:EF:C6:D3;05/02/2023;01:26;4,71;2,72896184;81
Sensor 2;Rua de Sao Tome;00:13:A2:00:41:EF:C6:D3;05/02/2023;01:31;4,71;2,72896184;82
Sensor 2;Rua de Sao Tome;00:13:A2:00:41:EF:C6:D3;05/02/2023;01:36;4,71;2,72896184;84
Sensor 2;Rua de Sao Tome;00:13:A2:00:41:EF:C6:D3;05/02/2023;01:40;4,71;2,77446752;81
Sensor 2;Rua de Sao Tome;00:13:A2:00:41:EF:C6:D3;05/02/2023;01:45;4,62;2,75792;83
Sensor 2;Rua de Sao Tome;00:13:A2:00:41:EF:C6:D3;05/02/2023;01:50;4,62;2,75792;84
Sensor 2;Rua de Sao Tome;00:13:A2:00:41:EF:C6:D3;05/02/2023;01:54;4,62;2,74137248;80
Sensor 2;Rua de Sao Tome;00:13:A2:00:41:EF:C6:D3;05/02/2023;01:59;4,62;2,73309872;83
Sensor 2;Rua de Sao Tome;00:13:A2:00:41:EF:C6:D3;05/02/2023;02:04;4,62;2,74964624;82
Sensor 2;Rua de Sao Tome;00:13:A2:00:41:EF:C6:D3;05/02/2023;02:08;4,62;2,69172992;81
Sensor 2;Rua de Sao Tome;00:13:A2:00:41:EF:C6:D3;05/02/2023;02:19;4,52;2,74137248;81
Sensor 2;Rua de Sao Tome;00:13:A2:00:41:EF:C6:D3;05/02/2023;02:23;4,52;2,66277176;78
Sensor 2;Rua de Sao Tome;00:13:A2:00:41:EF:C6:D3;05/02/2023;02:34;4,52;2,74550936;82
Sensor 2;Rua de Sao Tome;00:13:A2:00:41:EF:C6:D3;05/02/2023;02:38;4,52;2,70414056;73
Sensor 2;Rua de Sao Tome;00:13:A2:00:41:EF:C6:D3;05/02/2023;02:44;4,52;2,72482496;83
Sensor 2;Rua de Sao Tome;00:13:A2:00:41:EF:C6:D3;05/02/2023;02:49;4,52;2,74550936;84
Sensor 2;Rua de Sao Tome;00:13:A2:00:41:EF:C6:D3;05/02/2023;02:53;4,52;2,75792;79
Sensor 2;Rua de Sao Tome;00:13:A2:00:41:EF:C6:D3;05/02/2023;02:59;4,42;2,70827744;84
Sensor 2;Rua de Sao Tome;00:13:A2:00:41:EF:C6:D3;05/02/2023;03:04;4,42;2,75378312;75
Sensor 2;Rua de Sao Tome;00:13:A2:00:41:EF:C6:D3;05/02/2023;03:08;4,42;2,74550936;80
Sensor 2;Rua de Sao Tome;00:13:A2:00:41:EF:C6:D3;05/02/2023;03:14;4,42;2,7992888;82
Sensor 2;Rua de Sao Tome;00:13:A2:00:41:EF:C6:D3;05/02/2023;03:19;4,42;2,75378312;83
Sensor 2;Rua de Sao Tome;00:13:A2:00:41:EF:C6:D3;05/02/2023;03:23;4,42;2,76205688;80
Sensor 2;Rua de Sao Tome;00:13:A2:00:41:EF:C6:D3;05/02/2023;03:29;4,32;2,7372356;83
Sensor 2;Rua de Sao Tome;00:13:A2:00:41:EF:C6:D3;05/02/2023;03:34;4,32;2,7992888;83
Sensor 2;Rua de Sao Tome;00:13:A2:00:41:EF:C6:D3;05/02/2023;03:38;4,32;2,76205688;74
Sensor 2;Rua de Sao Tome;00:13:A2:00:41:EF:C6:D3;05/02/2023;03:44;4,32;2,78687816;82
Sensor 2;Rua de Sao Tome;00:13:A2:00:41:EF:C6:D3;05/02/2023;03:49;4,32;2,7372356;84
Sensor 2;Rua de Sao Tome;00:13:A2:00:41:EF:C6:D3;05/02/2023;03:53;4,32;2,77446752;73
Sensor 2;Rua de Sao Tome;00:13:A2:00:41:EF:C6:D3;05/02/2023;03:59;4,23;2,80411516;83
Sensor 2;Rua de Sao Tome;00:13:A2:00:41:EF:C6:D3;05/02/2023;04:04;4,23;2,78274128;83
Sensor 2;Rua de Sao Tome;00:13:A2:00:41:EF:C6:D3;05/02/2023;04:08;4,23;2,80411516;79
Sensor 2;Rua de Sao Tome;00:13:A2:00:41:EF:C6:D3;05/02/2023;04:14;4,23;2,79515192;83
Sensor 2;Rua de Sao Tome;00:13:A2:00:41:EF:C6:D3;05/02/2023;04:19;4,23;2,83100488;81
Sensor 2;Rua de Sao Tome;00:13:A2:00:41:EF:C6:D3;05/02/2023;04:23;4,23;2,7992888;80
Sensor 2;Rua de Sao Tome;00:13:A2:00:41:EF:C6:D3;05/02/2023;04:29;4,13;2,83514176;84
Sensor 2;Rua de Sao Tome;00:13:A2:00:41:EF:C6:D3;05/02/2023;04:34;4,13;2,83514176;83
Sensor 2;Rua de Sao Tome;00:13:A2:00:41:EF:C6:D3;05/02/2023;04:38;4,13;2,80411516;81
Sensor 2;Rua de Sao Tome;00:13:A2:00:41:EF:C6:D3;05/02/2023;04:44;4,13;2,80411516;84
Sensor 2;Rua de Sao Tome;00:13:A2:00:41:EF:C6:D3;05/02/2023;04:49;4,13;2,83514176;83
Sensor 2;Rua de Sao Tome;00:13:A2:00:41:EF:C6:D3;05/02/2023;04:53;4,13;2,7992888;74
Sensor 2;Rua de Sao Tome;00:13:A2:00:41:EF:C6:D3;05/02/2023;04:59;4,13;2,8475524;82
Sensor 2;Rua de Sao Tome;00:13:A2:00:41:EF:C6:D3;05/02/2023;05:04;4,03;2,83514176;83
Sensor 2;Rua de Sao Tome;00:13:A2:00:41:EF:C6:D3;05/02/2023;05:08;4,03;2,7992888;72
Sensor 2;Rua de Sao Tome;00:13:A2:00:41:EF:C6:D3;05/02/2023;05:14;4,03;2,80825204;84
Sensor 2;Rua de Sao Tome;00:13:A2:00:41:EF:C6:D3;05/02/2023;05:19;4,03;2,85996304;83
Sensor 2;Rua de Sao Tome;00:13:A2:00:41:EF:C6:D3;05/02/2023;05:31;4,03;2,86616836;79
Sensor 2;Rua de Sao Tome;00:13:A2:00:41:EF:C6:D3;05/02/2023;05:31;3,93;2,88271588;77
Sensor 2;Rua de Sao Tome;00:13:A2:00:41:EF:C6:D3;05/02/2023;07:01;3,74;2,9199478;81
Sensor 2;Rua de Sao Tome;00:13:A2:00:41:EF:C6:D3;05/02/2023;07:08;3,74;2,89512652;83
Sensor 2;Rua de Sao Tome;00:13:A2:00:41:EF:C6:D3;05/02/2023;07:11;3,64;2,83927864;77
Sensor 2;Rua de Sao Tome;00:13:A2:00:41:EF:C6:D3;05/02/2023;07:16;3,64;2,84341552;83
Sensor 2;Rua de Sao Tome;00:13:A2:00:41:EF:C6:D3;05/02/2023;07:21;3,64;2,92408468;84
Sensor 2;Rua de Sao Tome;00:13:A2:00:41:EF:C6:D3;05/02/2023;08:00;3,54;2,88685276;83
Sensor 2;Rua de Sao Tome;00:13:A2:00:41:EF:C6:D3;05/02/2023;08:05;3,54;2,85582616;82
Sensor 2;Rua de Sao Tome;00:13:A2:00:41:EF:C6:D3;05/02/2023;08:09;3,54;2,85168928;80
Sensor 2;Rua de Sao Tome;00:13:A2:00:41:EF:C6:D3;05/02/2023;08:14;3,54;2,88271588;82
Sensor 2;Rua de Sao Tome;00:13:A2:00:41:EF:C6:D3;05/02/2023;08:19;3,54;2,85582616;83
Sensor 2;Rua de Sao Tome;00:13:A2:00:41:EF:C6:D3;05/02/2023;08:23;3,64;2,75792;79
Sensor 2;Rua de Sao Tome;00:13:A2:00:41:EF:C6:D3;05/02/2023;08:29;3,64;2,79101504;82
Sensor 2;Rua de Sao Tome;00:13:A2:00:41:EF:C6:D3;05/02/2023;09:04;3,74;2,80411516;81
Sensor 2;Rua de Sao Tome;00:13:A2:00:41:EF:C6:D3;05/02/2023;09:08;3,83;2,826868;80
Sensor 2;Rua de Sao Tome;00:13:A2:00:41:EF:C6:D3;05/02/2023;09:14;3,83;2,78687816;83
Sensor 2;Rua de Sao Tome;00:13:A2:00:41:EF:C6:D3;05/02/2023;09:24;3,83;2,59175532;83
Sensor 2;Rua de Sao Tome;00:13:A2:00:41:EF:C6:D3;05/02/2023;09:28;3,93;2,70000368;78
Sensor 2;Rua de Sao Tome;00:13:A2:00:41:EF:C6:D3;05/02/2023;09:33;3,93;2,71241432;82
Sensor 2;Rua de Sao Tome;00:13:A2:00:41:EF:C6:D3;05/02/2023;09:38;3,93;2,7992888;83
Sensor 2;Rua de Sao Tome;00:13:A2:00:41:EF:C6:D3;05/02/2023;09:42;3,93;2,66690864;80
Sensor 2;Rua de Sao Tome;00:13:A2:00:41:EF:C6:D3;05/02/2023;10:07;4,32;2,66690864;80
Sensor 2;Rua de Sao Tome;00:13:A2:00:41:EF:C6:D3;05/02/2023;10:13;4,52;2,7165512;83
Sensor 2;Rua de Sao Tome;00:13:A2:00:41:EF:C6:D3;05/02/2023;10:18;4,62;2,64208736;84
Sensor 2;Rua de Sao Tome;00:13:A2:00:41:EF:C6:D3;05/02/2023;10:22;4,81;2,73309872;75
Sensor 2;Rua de Sao Tome;00:13:A2:00:41:EF:C6:D3;05/02/2023;10:27;5,01;2,68345616;81
Sensor 2;Rua de Sao Tome;00:13:A2:00:41:EF:C6:D3;05/02/2023;10:32;5,2;2,7165512;83
Sensor 2;Rua de Sao Tome;00:13:A2:00:41:EF:C6:D3;05/02/2023;10:36;5,4;2,70414056;80
Sensor 2;Rua de Sao Tome;00:13:A2:00:41:EF:C6:D3;05/02/2023;10:41;5,69;2,68345616;82
Sensor 2;Rua de Sao Tome;00:13:A2:00:41:EF:C6:D3;05/02/2023;10:46;5,89;2,66277176;82
Sensor 2;Rua de Sao Tome;00:13:A2:00:41:EF:C6:D3;05/02/2023;10:50;5,98;2,70414056;72
Sensor 2;Rua de Sao Tome;00:13:A2:00:41:EF:C6:D3;05/02/2023;10:55;6,18;2,59658168;81
Sensor 2;Rua de Sao Tome;00:13:A2:00:41:EF:C6:D3;05/02/2023;11:00;6,38;2,72482496;81
Sensor 2;Rua de Sao Tome;00:13:A2:00:41:EF:C6:D3;05/02/2023;11:03;6,57;2,7165512;72
Sensor 2;Rua de Sao Tome;00:13:A2:00:41:EF:C6:D3;05/02/2023;11:08;6,77;2,72896184;81
Sensor 2;Rua de Sao Tome;00:13:A2:00:41:EF:C6:D3;05/02/2023;11:13;6,96;2,72896184;81
Sensor 2;Rua de Sao Tome;00:13:A2:00:41:EF:C6:D3;05/02/2023;11:17;7,06;2,64208736;80
Sensor 2;Rua de Sao Tome;00:13:A2:00:41:EF:C6:D3;05/02/2023;11:22;7,16;2,67104552;82
Sensor 2;Rua de Sao Tome;00:13:A2:00:41:EF:C6:D3;05/02/2023;11:27;7,25;2,74137248;83
Sensor 2;Rua de Sao Tome;00:13:A2:00:41:EF:C6:D3;05/02/2023;11:31;7,45;2,80411516;78
Sensor 2;Rua de Sao Tome;00:13:A2:00:41:EF:C6:D3;05/02/2023;11:36;7,65;2,72482496;81
Sensor 2;Rua de Sao Tome;00:13:A2:00:41:EF:C6:D3;05/02/2023;11:41;7,84;2,75378312;81
Sensor 2;Rua de Sao Tome;00:13:A2:00:41:EF:C6:D3;05/02/2023;11:45;7,94;2,65863488;80
Sensor 2;Rua de Sao Tome;00:13:A2:00:41:EF:C6:D3;05/02/2023;11:50;8,04;2,57107092;83
Sensor 2;Rua de Sao Tome;00:13:A2:00:41:EF:C6:D3;05/02/2023;11:55;8,04;2,5131546;82
Sensor 2;Rua de Sao Tome;00:13:A2:00:41:EF:C6:D3;05/02/2023;11:59;8,04;2,65863488;81
Sensor 2;Rua de Sao Tome;00:13:A2:00:41:EF:C6:D3;05/02/2023;12:04;7,84;2,58761844;83
Sensor 2;Rua de Sao Tome;00:13:A2:00:41:EF:C6:D3;05/02/2023;12:09;7,74;2,5752078;83
Sensor 2;Rua de Sao Tome;00:13:A2:00:41:EF:C6:D3;05/02/2023;12:13;7,65;2,65863488;80
Sensor 2;Rua de Sao Tome;00:13:A2:00:41:EF:C6:D3;05/02/2023;12:18;7,45;2,68759304;82
Sensor 2;Rua de Sao Tome;00:13:A2:00:41:EF:C6:D3;05/02/2023;12:23;7,35;2,66690864;83
Sensor 2;Rua de Sao Tome;00:13:A2:00:41:EF:C6:D3;05/02/2023;12:27;7,25;2,74137248;80
Sensor 2;Rua de Sao Tome;00:13:A2:00:41:EF:C6:D3;05/02/2023;12:32;7,16;2,74964624;81
Sensor 2;Rua de Sao Tome;00:13:A2:00:41:EF:C6:D3;05/02/2023;12:37;7,06;2,76619376;83
Sensor 2;Rua de Sao Tome;00:13:A2:00:41:EF:C6:D3;05/02/2023;12:41;7,06;2,74550936;80
Sensor 2;Rua de Sao Tome;00:13:A2:00:41:EF:C6:D3;05/02/2023;12:46;6,96;2,76205688;83
Sensor 2;Rua de Sao Tome;00:13:A2:00:41:EF:C6:D3;05/02/2023;12:51;6,96;2,79515192;82
Sensor 2;Rua de Sao Tome;00:13:A2:00:41:EF:C6:D3;05/02/2023;12:55;6,96;2,7992888;80
Sensor 2;Rua de Sao Tome;00:13:A2:00:41:EF:C6:D3;05/02/2023;13:00;6,96;2,72482496;81
Sensor 2;Rua de Sao Tome;00:13:A2:00:41:EF:C6:D3;05/02/2023;13:05;6,86;2,79101504;83
Sensor 2;Rua de Sao Tome;00:13:A2:00:41:EF:C6:D3;05/02/2023;13:09;6,86;2,65863488;74
Sensor 2;Rua de Sao Tome;00:13:A2:00:41:EF:C6:D3;05/02/2023;13:15;6,86;2,6958668;81
Sensor 2;Rua de Sao Tome;00:13:A2:00:41:EF:C6:D3;05/02/2023;13:20;6,86;2,65863488;83
Sensor 2;Rua de Sao Tome;00:13:A2:00:41:EF:C6:D3;05/02/2023;13:23;6,86;2,67104552;77
Sensor 2;Rua de Sao Tome;00:13:A2:00:41:EF:C6:D3;05/02/2023;13:29;6,86;2,7786044;83
Sensor 2;Rua de Sao Tome;00:13:A2:00:41:EF:C6:D3;05/02/2023;13:34;6,77;2,75378312;81
Sensor 2;Rua de Sao Tome;00:13:A2:00:41:EF:C6:D3;05/02/2023;13:38;6,77;2,66690864;80
Sensor 2;Rua de Sao Tome;00:13:A2:00:41:EF:C6:D3;05/02/2023;13:44;6,77;2,6131292;83
Sensor 2;Rua de Sao Tome;00:13:A2:00:41:EF:C6:D3;05/02/2023;13:49;6,77;2,6958668;84
Sensor 2;Rua de Sao Tome;00:13:A2:00:41:EF:C6:D3;05/02/2023;13:53;6,77;2,74964624;72
Sensor 2;Rua de Sao Tome;00:13:A2:00:41:EF:C6:D3;05/02/2023;13:59;6,77;2,74550936;83
Sensor 2;Rua de Sao Tome;00:13:A2:00:41:EF:C6:D3;05/02/2023;14:04;6,77;2,654498;84
Sensor 2;Rua de Sao Tome;00:13:A2:00:41:EF:C6:D3;05/02/2023;14:08;6,77;2,56693404;75
Sensor 2;Rua de Sao Tome;00:13:A2:00:41:EF:C6:D3;05/02/2023;14:14;6,77;2,65036112;81
Sensor 2;Rua de Sao Tome;00:13:A2:00:41:EF:C6:D3;05/02/2023;14:22;6,77;2,74137248;82
Sensor 2;Rua de Sao Tome;00:13:A2:00:41:EF:C6:D3;05/02/2023;14:26;6,77;2,74137248;80
Sensor 2;Rua de Sao Tome;00:13:A2:00:41:EF:C6:D3;05/02/2023;14:31;6,77;2,6751824;81
Sensor 2;Rua de Sao Tome;00:13:A2:00:41:EF:C6:D3;05/02/2023;15:14;6,86;2,6751824;83
Sensor 2;Rua de Sao Tome;00:13:A2:00:41:EF:C6:D3;05/02/2023;15:23;6,86;2,58761844;84
Sensor 2;Rua de Sao Tome;00:13:A2:00:41:EF:C6:D3;05/02/2023;15:27;6,86;2,66690864;72
Sensor 2;Rua de Sao Tome;00:13:A2:00:41:EF:C6:D3;05/02/2023;15:32;6,77;2,67104552;81
Sensor 2;Rua de Sao Tome;00:13:A2:00:41:EF:C6:D3;05/02/2023;15:37;6,77;2,70827744;83
Sensor 2;Rua de Sao Tome;00:13:A2:00:41:EF:C6:D3;05/02/2023;15:41;6,86;2,6958668;73
Sensor 2;Rua de Sao Tome;00:13:A2:00:41:EF:C6:D3;05/02/2023;15:46;6,86;2,78274128;81
Sensor 2;Rua de Sao Tome;00:13:A2:00:41:EF:C6:D3;05/02/2023;15:51;6,86;2,74550936;81
Sensor 2;Rua de Sao Tome;00:13:A2:00:41:EF:C6:D3;05/02/2023;15:55;6,86;2,68759304;80
Sensor 2;Rua de Sao Tome;00:13:A2:00:41:EF:C6:D3;05/02/2023;16:00;6,86;2,78687816;83
Sensor 2;Rua de Sao Tome;00:13:A2:00:41:EF:C6:D3;05/02/2023;16:05;6,86;2,7165512;83
Sensor 2;Rua de Sao Tome;00:13:A2:00:41:EF:C6:D3;05/02/2023;16:09;6,86;2,79515192;80
Sensor 2;Rua de Sao Tome;00:13:A2:00:41:EF:C6:D3;05/02/2023;16:14;6,77;2,66690864;82
Sensor 2;Rua de Sao Tome;00:13:A2:00:41:EF:C6:D3;05/02/2023;16:19;6,77;2,72896184;82
Sensor 2;Rua de Sao Tome;00:13:A2:00:41:EF:C6:D3;05/02/2023;16:23;6,77;2,70827744;78
Sensor 2;Rua de Sao Tome;00:13:A2:00:41:EF:C6:D3;05/02/2023;16:29;6,77;2,69172992;81
Sensor 2;Rua de Sao Tome;00:13:A2:00:41:EF:C6:D3;05/02/2023;16:34;6,77;2,70414056;82
Sensor 2;Rua de Sao Tome;00:13:A2:00:41:EF:C6:D3;05/02/2023;16:38;6,77;2,70000368;73
Sensor 2;Rua de Sao Tome;00:13:A2:00:41:EF:C6:D3;05/02/2023;16:44;6,77;2,79515192;83
Sensor 2;Rua de Sao Tome;00:13:A2:00:41:EF:C6:D3;05/02/2023;16:49;6,77;2,7372356;81
Sensor 2;Rua de Sao Tome;00:13:A2:00:41:EF:C6:D3;05/02/2023;16:53;6,77;2,66690864;80
Sensor 2;Rua de Sao Tome;00:13:A2:00:41:EF:C6:D3;05/02/2023;16:59;6,77;2,7992888;84
Sensor 2;Rua de Sao Tome;00:13:A2:00:41:EF:C6:D3;05/02/2023;17:04;6,77;2,62967672;83
Sensor 2;Rua de Sao Tome;00:13:A2:00:41:EF:C6:D3;05/02/2023;17:14;6,67;2,66690864;80
Sensor 2;Rua de Sao Tome;00:13:A2:00:41:EF:C6:D3;05/02/2023;17:21;6,67;2,67104552;83
Sensor 2;Rua de Sao Tome;00:13:A2:00:41:EF:C6:D3;05/02/2023;17:25;6,67;2,70000368;80
Sensor 2;Rua de Sao Tome;00:13:A2:00:41:EF:C6:D3;05/02/2023;17:30;6,57;2,80411516;82
Sensor 2;Rua de Sao Tome;00:13:A2:00:41:EF:C6:D3;05/02/2023;17:35;6,57;2,7165512;83
Sensor 2;Rua de Sao Tome;00:13:A2:00:41:EF:C6:D3;05/02/2023;17:39;6,57;2,80825204;81
Sensor 2;Rua de Sao Tome;00:13:A2:00:41:EF:C6:D3;05/02/2023;17:44;6,57;2,71241432;75
Sensor 2;Rua de Sao Tome;00:13:A2:00:41:EF:C6:D3;05/02/2023;17:49;6,47;2,73309872;82
Sensor 2;Rua de Sao Tome;00:13:A2:00:41:EF:C6:D3;05/02/2023;17:53;6,47;2,67931928;72
Sensor 2;Rua de Sao Tome;00:13:A2:00:41:EF:C6:D3;05/02/2023;17:59;6,47;2,69172992;83
Sensor 2;Rua de Sao Tome;00:13:A2:00:41:EF:C6:D3;05/02/2023;18:04;6,38;2,75792;83
Sensor 2;Rua de Sao Tome;00:13:A2:00:41:EF:C6:D3;05/02/2023;18:08;6,38;2,654498;79
Sensor 2;Rua de Sao Tome;00:13:A2:00:41:EF:C6:D3;05/02/2023;18:14;6,38;2,82066268;82
Sensor 2;Rua de Sao Tome;00:13:A2:00:41:EF:C6:D3;05/02/2023;18:19;6,38;2,69172992;84
Sensor 2;Rua de Sao Tome;00:13:A2:00:41:EF:C6:D3;05/02/2023;18:23;6,38;2,72068808;75
Sensor 2;Rua de Sao Tome;00:13:A2:00:41:EF:C6:D3;05/02/2023;18:29;6,28;2,72068808;81
Sensor 2;Rua de Sao Tome;00:13:A2:00:41:EF:C6:D3;05/02/2023;18:34;6,28;2,70827744;83
Sensor 2;Rua de Sao Tome;00:13:A2:00:41:EF:C6:D3;05/02/2023;18:38;6,28;2,74964624;80
Sensor 2;Rua de Sao Tome;00:13:A2:00:41:EF:C6:D3;05/02/2023;18:44;6,28;2,77446752;84
Sensor 2;Rua de Sao Tome;00:13:A2:00:41:EF:C6:D3;05/02/2023;18:49;6,28;2,70827744;83
Sensor 2;Rua de Sao Tome;00:13:A2:00:41:EF:C6:D3;05/02/2023;18:53;6,18;2,79101504;80
Sensor 2;Rua de Sao Tome;00:13:A2:00:41:EF:C6:D3;05/02/2023;18:59;6,18;2,6131292;83
Sensor 2;Rua de Sao Tome;00:13:A2:00:41:EF:C6:D3;05/02/2023;19:04;6,18;2,72482496;82
Sensor 2;Rua de Sao Tome;00:13:A2:00:41:EF:C6:D3;05/02/2023;19:08;6,18;2,75378312;80
Sensor 2;Rua de Sao Tome;00:13:A2:00:41:EF:C6:D3;05/02/2023;19:14;6,18;2,64622424;81
Sensor 2;Rua de Sao Tome;00:13:A2:00:41:EF:C6:D3;05/02/2023;19:19;6,18;2,54211276;81
Sensor 2;Rua de Sao Tome;00:13:A2:00:41:EF:C6:D3;05/02/2023;19:23;6,18;2,69172992;81
Sensor 2;Rua de Sao Tome;00:13:A2:00:41:EF:C6:D3;05/02/2023;19:29;6,18;2,59658168;81
Sensor 2;Rua de Sao Tome;00:13:A2:00:41:EF:C6:D3;05/02/2023;19:44;6,18;2,6338136;75
Sensor 2;Rua de Sao Tome;00:13:A2:00:41:EF:C6:D3;05/02/2023;19:51;6,08;2,5752078;81
Sensor 2;Rua de Sao Tome;00:13:A2:00:41:EF:C6:D3;05/02/2023;19:55;6,08;2,60485544;77
Sensor 2;Rua de Sao Tome;00:13:A2:00:41:EF:C6:D3;05/02/2023;20:00;6,08;2,63795048;83
Sensor 2;Rua de Sao Tome;00:13:A2:00:41:EF:C6:D3;05/02/2023;20:05;6,08;2,52556524;82
Sensor 2;Rua de Sao Tome;00:13:A2:00:41:EF:C6:D3;05/02/2023;20:09;6,08;2,59175532;80
Sensor 2;Rua de Sao Tome;00:13:A2:00:41:EF:C6:D3;05/02/2023;20:14;6,08;2,54211276;83
Sensor 2;Rua de Sao Tome;00:13:A2:00:41:EF:C6:D3;05/02/2023;20:19;5,98;2,6751824;81
Sensor 2;Rua de Sao Tome;00:13:A2:00:41:EF:C6:D3;05/02/2023;20:23;5,98;2,65036112;79
Sensor 2;Rua de Sao Tome;00:13:A2:00:41:EF:C6:D3;05/02/2023;20:29;5,98;2,5752078;82
Sensor 2;Rua de Sao Tome;00:13:A2:00:41:EF:C6:D3;05/02/2023;20:34;5,98;2,60485544;81
Sensor 2;Rua de Sao Tome;00:13:A2:00:41:EF:C6:D3;05/02/2023;20:38;5,98;2,6131292;75
Sensor 2;Rua de Sao Tome;00:13:A2:00:41:EF:C6:D3;05/02/2023;20:44;5,98;2,6751824;81
Sensor 2;Rua de Sao Tome;00:13:A2:00:41:EF:C6:D3;05/02/2023;20:49;5,98;2,66277176;81
Sensor 2;Rua de Sao Tome;00:13:A2:00:41:EF:C6:D3;05/02/2023;20:53;5,98;2,59658168;79
Sensor 2;Rua de Sao Tome;00:13:A2:00:41:EF:C6:D3;05/02/2023;20:59;5,89;2,6131292;81
Sensor 2;Rua de Sao Tome;00:13:A2:00:41:EF:C6:D3;05/02/2023;21:04;5,89;2,64622424;83
Sensor 2;Rua de Sao Tome;00:13:A2:00:41:EF:C6:D3;05/02/2023;21:08;5,89;2,79101504;80
Sensor 2;Rua de Sao Tome;00:13:A2:00:41:EF:C6:D3;05/02/2023;21:14;5,89;2,70000368;82
Sensor 2;Rua de Sao Tome;00:13:A2:00:41:EF:C6:D3;05/02/2023;21:19;5,89;2,75792;81
Sensor 2;Rua de Sao Tome;00:13:A2:00:41:EF:C6:D3;05/02/2023;21:23;5,89;2,7786044;80
Sensor 2;Rua de Sao Tome;00:13:A2:00:41:EF:C6:D3;05/02/2023;21:29;5,89;2,69172992;83
Sensor 2;Rua de Sao Tome;00:13:A2:00:41:EF:C6:D3;05/02/2023;21:34;5,89;2,71241432;83
Sensor 2;Rua de Sao Tome;00:13:A2:00:41:EF:C6:D3;05/02/2023;21:38;5,79;2,66690864;74
Sensor 2;Rua de Sao Tome;00:13:A2:00:41:EF:C6:D3;05/02/2023;21:44;5,79;2,67931928;81
Sensor 2;Rua de Sao Tome;00:13:A2:00:41:EF:C6:D3;05/02/2023;21:49;5,79;2,69172992;82
Sensor 2;Rua de Sao Tome;00:13:A2:00:41:EF:C6:D3;05/02/2023;21:53;5,79;2,75378312;80
Sensor 2;Rua de Sao Tome;00:13:A2:00:41:EF:C6:D3;05/02/2023;21:59;5,69;2,70827744;83
Sensor 2;Rua de Sao Tome;00:13:A2:00:41:EF:C6:D3;05/02/2023;22:04;5,69;2,74550936;82
Sensor 2;Rua de Sao Tome;00:13:A2:00:41:EF:C6:D3;05/02/2023;22:08;5,69;2,72896184;77
Sensor 2;Rua de Sao Tome;00:13:A2:00:41:EF:C6:D3;05/02/2023;22:14;5,59;2,6751824;81
Sensor 2;Rua de Sao Tome;00:13:A2:00:41:EF:C6:D3;05/02/2023;22:19;5,59;2,654498;83
Sensor 2;Rua de Sao Tome;00:13:A2:00:41:EF:C6:D3;05/02/2023;22:23;5,59;2,72482496;79
Sensor 2;Rua de Sao Tome;00:13:A2:00:41:EF:C6:D3;05/02/2023;22:29;5,5;2,74550936;82
Sensor 2;Rua de Sao Tome;00:13:A2:00:41:EF:C6:D3;05/02/2023;22:34;5,5;2,6958668;83
Sensor 2;Rua de Sao Tome;00:13:A2:00:41:EF:C6:D3;05/02/2023;22:38;5,5;2,70000368;80
Sensor 2;Rua de Sao Tome;00:13:A2:00:41:EF:C6:D3;05/02/2023;22:44;5,5;2,68759304;83
Sensor 2;Rua de Sao Tome;00:13:A2:00:41:EF:C6:D3;05/02/2023;22:49;5,4;2,74550936;81
Sensor 2;Rua de Sao Tome;00:13:A2:00:41:EF:C6:D3;05/02/2023;22:53;5,4;2,74964624;80
Sensor 2;Rua de Sao Tome;00:13:A2:00:41:EF:C6:D3;05/02/2023;22:59;5,4;2,7165512;83
Sensor 2;Rua de Sao Tome;00:13:A2:00:41:EF:C6:D3;05/02/2023;23:04;5,4;2,75792;82
Sensor 2;Rua de Sao Tome;00:13:A2:00:41:EF:C6:D3;05/02/2023;23:08;5,4;2,76619376;80
Sensor 2;Rua de Sao Tome;00:13:A2:00:41:EF:C6:D3;05/02/2023;23:14;5,4;2,75792;83
Sensor 2;Rua de Sao Tome;00:13:A2:00:41:EF:C6:D3;05/02/2023;23:19;5,3;2,72482496;83
Sensor 2;Rua de Sao Tome;00:13:A2:00:41:EF:C6:D3;05/02/2023;23:23;5,3;2,74137248;80
Sensor 2;Rua de Sao Tome;00:13:A2:00:41:EF:C6:D3;05/02/2023;23:29;5,3;2,75792;83
Sensor 2;Rua de Sao Tome;00:13:A2:00:41:EF:C6:D3;05/02/2023;23:34;5,3;2,70000368;82
Sensor 2;Rua de Sao Tome;00:13:A2:00:41:EF:C6:D3;05/02/2023;23:38;5,3;2,7165512;76
Sensor 2;Rua de Sao Tome;00:13:A2:00:41:EF:C6:D3;05/02/2023;23:44;5,2;2,7992888;81
Sensor 2;Rua de Sao Tome;00:13:A2:00:41:EF:C6:D3;05/02/2023;23:49;5,2;2,71241432;81
Sensor 2;Rua de Sao Tome;00:13:A2:00:41:EF:C6:D3;05/02/2023;23:53;5,2;2,70000368;80
Sensor 2;Rua de Sao Tome;00:13:A2:00:41:EF:C6:D3;05/02/2023;23:59;5,2;2,74550936;82
Sensor 2;Rua de Sao Tome;00:13:A2:00:41:EF:C6:D3;06/02/2023;00:04;5,2;2,71241432;81
Sensor 2;Rua de Sao Tome;00:13:A2:00:41:EF:C6:D3;06/02/2023;00:08;5,2;2,79515192;75
Sensor 2;Rua de Sao Tome;00:13:A2:00:41:EF:C6:D3;06/02/2023;00:14;5,11;2,69172992;81
Sensor 2;Rua de Sao Tome;00:13:A2:00:41:EF:C6:D3;06/02/2023;00:19;5,11;2,72482496;83
Sensor 2;Rua de Sao Tome;00:13:A2:00:41:EF:C6:D3;06/02/2023;00:23;5,11;2,73309872;80
Sensor 2;Rua de Sao Tome;00:13:A2:00:41:EF:C6:D3;06/02/2023;00:29;5,11;2,7165512;82
Sensor 2;Rua de Sao Tome;00:13:A2:00:41:EF:C6:D3;06/02/2023;00:34;5,11;2,75378312;84
Sensor 2;Rua de Sao Tome;00:13:A2:00:41:EF:C6:D3;06/02/2023;00:38;5,01;2,68759304;79
Sensor 2;Rua de Sao Tome;00:13:A2:00:41:EF:C6:D3;06/02/2023;00:44;5,01;2,75378312;81
Sensor 2;Rua de Sao Tome;00:13:A2:00:41:EF:C6:D3;06/02/2023;00:49;5,01;2,70000368;82
Sensor 2;Rua de Sao Tome;00:13:A2:00:41:EF:C6:D3;06/02/2023;00:53;5,01;2,72896184;79
Sensor 2;Rua de Sao Tome;00:13:A2:00:41:EF:C6:D3;06/02/2023;00:59;5,01;2,80825204;81
Sensor 2;Rua de Sao Tome;00:13:A2:00:41:EF:C6:D3;06/02/2023;01:04;5,01;2,83927864;83
Sensor 2;Rua de Sao Tome;00:13:A2:00:41:EF:C6:D3;06/02/2023;01:08;4,91;2,72482496;80
Sensor 2;Rua de Sao Tome;00:13:A2:00:41:EF:C6:D3;06/02/2023;01:14;4,91;2,59175532;81
Sensor 2;Rua de Sao Tome;00:13:A2:00:41:EF:C6:D3;06/02/2023;01:19;4,91;2,7372356;82
Sensor 2;Rua de Sao Tome;00:13:A2:00:41:EF:C6:D3;06/02/2023;01:23;4,91;2,74137248;72
Sensor 2;Rua de Sao Tome;00:13:A2:00:41:EF:C6:D3;06/02/2023;01:29;4,91;2,73309872;83
Sensor 2;Rua de Sao Tome;00:13:A2:00:41:EF:C6:D3;06/02/2023;01:34;4,81;2,74137248;81
Sensor 2;Rua de Sao Tome;00:13:A2:00:41:EF:C6:D3;06/02/2023;01:38;4,81;2,76205688;80
Sensor 2;Rua de Sao Tome;00:13:A2:00:41:EF:C6:D3;06/02/2023;01:44;4,81;2,71241432;81
Sensor 2;Rua de Sao Tome;00:13:A2:00:41:EF:C6:D3;06/02/2023;01:49;4,81;2,74964624;81
Sensor 2;Rua de Sao Tome;00:13:A2:00:41:EF:C6:D3;06/02/2023;01:53;4,81;2,73309872;80
Sensor 2;Rua de Sao Tome;00:13:A2:00:41:EF:C6:D3;06/02/2023;01:59;4,81;2,74964624;83
Sensor 2;Rua de Sao Tome;00:13:A2:00:41:EF:C6:D3;06/02/2023;02:04;4,81;2,76619376;81
Sensor 2;Rua de Sao Tome;00:13:A2:00:41:EF:C6:D3;06/02/2023;02:08;4,81;2,73309872;80
Sensor 2;Rua de Sao Tome;00:13:A2:00:41:EF:C6:D3;06/02/2023;02:14;4,71;2,74964624;82
Sensor 2;Rua de Sao Tome;00:13:A2:00:41:EF:C6:D3;06/02/2023;02:19;4,71;2,77446752;80
Sensor 2;Rua de Sao Tome;00:13:A2:00:41:EF:C6:D3;06/02/2023;02:23;4,71;2,78274128;71
Sensor 2;Rua de Sao Tome;00:13:A2:00:41:EF:C6:D3;06/02/2023;02:29;4,71;2,7786044;81
Sensor 2;Rua de Sao Tome;00:13:A2:00:41:EF:C6:D3;06/02/2023;02:34;4,62;2,79101504;82
Sensor 2;Rua de Sao Tome;00:13:A2:00:41:EF:C6:D3;06/02/2023;02:38;4,62;2,78687816;75
Sensor 2;Rua de Sao Tome;00:13:A2:00:41:EF:C6:D3;06/02/2023;02:44;4,62;2,76205688;80
Sensor 2;Rua de Sao Tome;00:13:A2:00:41:EF:C6:D3;06/02/2023;02:49;4,62;2,75792;82
Sensor 2;Rua de Sao Tome;00:13:A2:00:41:EF:C6:D3;06/02/2023;02:53;4,62;2,80825204;80
Sensor 2;Rua de Sao Tome;00:13:A2:00:41:EF:C6:D3;06/02/2023;02:59;4,62;2,80411516;82
Sensor 2;Rua de Sao Tome;00:13:A2:00:41:EF:C6:D3;06/02/2023;03:04;4,62;2,7992888;81
Sensor 2;Rua de Sao Tome;00:13:A2:00:41:EF:C6:D3;06/02/2023;03:08;4,62;2,81238892;80
Sensor 2;Rua de Sao Tome;00:13:A2:00:41:EF:C6:D3;06/02/2023;03:14;4,62;2,826868;82
Sensor 2;Rua de Sao Tome;00:13:A2:00:41:EF:C6:D3;06/02/2023;03:19;4,62;2,8165258;81
Sensor 2;Rua de Sao Tome;00:13:A2:00:41:EF:C6:D3;06/02/2023;03:23;4,62;2,826868;75
Sensor 2;Rua de Sao Tome;00:13:A2:00:41:EF:C6:D3;06/02/2023;03:29;4,62;2,83100488;83
Sensor 2;Rua de Sao Tome;00:13:A2:00:41:EF:C6:D3;06/02/2023;03:34;4,62;2,85996304;83
Sensor 2;Rua de Sao Tome;00:13:A2:00:41:EF:C6:D3;06/02/2023;03:38;4,62;2,8165258;76
Sensor 2;Rua de Sao Tome;00:13:A2:00:41:EF:C6:D3;06/02/2023;03:44;4,52;2,83514176;80
Sensor 2;Rua de Sao Tome;00:13:A2:00:41:EF:C6:D3;06/02/2023;03:49;4,52;2,80411516;82
Sensor 2;Rua de Sao Tome;00:13:A2:00:41:EF:C6:D3;06/02/2023;03:53;4,52;2,82066268;72
Sensor 2;Rua de Sao Tome;00:13:A2:00:41:EF:C6:D3;06/02/2023;03:59;4,52;2,8165258;82
Sensor 2;Rua de Sao Tome;00:13:A2:00:41:EF:C6:D3;06/02/2023;04:04;4,52;2,88271588;81
Sensor 2;Rua de Sao Tome;00:13:A2:00:41:EF:C6:D3;06/02/2023;04:08;4,52;2,83100488;80
Sensor 2;Rua de Sao Tome;00:13:A2:00:41:EF:C6:D3;06/02/2023;04:14;4,52;2,90340028;80
Sensor 2;Rua de Sao Tome;00:13:A2:00:41:EF:C6:D3;06/02/2023;04:19;4,52;2,82479956;78
Sensor 2;Rua de Sao Tome;00:13:A2:00:41:EF:C6:D3;06/02/2023;04:23;4,52;2,8475524;80
Sensor 2;Rua de Sao Tome;00:13:A2:00:41:EF:C6:D3;06/02/2023;04:29;4,42;2,85168928;82
Sensor 2;Rua de Sao Tome;00:13:A2:00:41:EF:C6:D3;06/02/2023;04:34;4,42;2,85168928;82
Sensor 2;Rua de Sao Tome;00:13:A2:00:41:EF:C6:D3;06/02/2023;04:38;4,42;2,84341552;73
Sensor 2;Rua de Sao Tome;00:13:A2:00:41:EF:C6:D3;06/02/2023;04:44;4,42;2,88271588;82
Sensor 2;Rua de Sao Tome;00:13:A2:00:41:EF:C6:D3;06/02/2023;04:49;4,42;2,80411516;82
Sensor 2;Rua de Sao Tome;00:13:A2:00:41:EF:C6:D3;06/02/2023;04:53;4,42;2,86616836;79
Sensor 2;Rua de Sao Tome;00:13:A2:00:41:EF:C6:D3;06/02/2023;04:59;4,42;2,85996304;80
Sensor 2;Rua de Sao Tome;00:13:A2:00:41:EF:C6:D3;06/02/2023;05:04;4,32;2,8992634;82
Sensor 2;Rua de Sao Tome;00:13:A2:00:41:EF:C6:D3;06/02/2023;05:08;4,32;2,87444212;76
Sensor 2;Rua de Sao Tome;00:13:A2:00:41:EF:C6:D3;06/02/2023;05:14;4,32;2,86616836;80
Sensor 2;Rua de Sao Tome;00:13:A2:00:41:EF:C6:D3;06/02/2023;05:19;4,32;2,90340028;82
Sensor 2;Rua de Sao Tome;00:13:A2:00:41:EF:C6:D3;06/02/2023;05:23;4,32;2,86616836;72
Sensor 2;Rua de Sao Tome;00:13:A2:00:41:EF:C6:D3;06/02/2023;05:29;4,32;2,88685276;82
Sensor 2;Rua de Sao Tome;00:13:A2:00:41:EF:C6:D3;06/02/2023;05:34;4,32;2,84341552;81
Sensor 2;Rua de Sao Tome;00:13:A2:00:41:EF:C6:D3;06/02/2023;05:38;4,32;2,87030524;77
Sensor 2;Rua de Sao Tome;00:13:A2:00:41:EF:C6:D3;06/02/2023;05:44;4,32;2,89512652;82
Sensor 2;Rua de Sao Tome;00:13:A2:00:41:EF:C6:D3;06/02/2023;05:49;4,23;2,88271588;82
Sensor 2;Rua de Sao Tome;00:13:A2:00:41:EF:C6:D3;06/02/2023;05:53;4,23;2,89512652;72
Sensor 2;Rua de Sao Tome;00:13:A2:00:41:EF:C6:D3;06/02/2023;05:59;4,23;2,878579;81
Sensor 2;Rua de Sao Tome;00:13:A2:00:41:EF:C6:D3;06/02/2023;06:04;4,23;2,83100488;82
Sensor 2;Rua de Sao Tome;00:13:A2:00:41:EF:C6:D3;06/02/2023;06:08;4,23;2,8165258;79
Sensor 2;Rua de Sao Tome;00:13:A2:00:41:EF:C6:D3;06/02/2023;06:14;4,23;2,84341552;80
Sensor 2;Rua de Sao Tome;00:13:A2:00:41:EF:C6:D3;06/02/2023;06:19;4,23;2,8992634;80
Sensor 2;Rua de Sao Tome;00:13:A2:00:41:EF:C6:D3;06/02/2023;06:23;4,23;2,83100488;78
Sensor 2;Rua de Sao Tome;00:13:A2:00:41:EF:C6:D3;06/02/2023;06:29;4,23;2,80825204;82
Sensor 2;Rua de Sao Tome;00:13:A2:00:41:EF:C6:D3;06/02/2023;06:34;4,23;2,82066268;81
Sensor 2;Rua de Sao Tome;00:13:A2:00:41:EF:C6:D3;06/02/2023;06:38;4,23;2,82066268;71
Sensor 2;Rua de Sao Tome;00:13:A2:00:41:EF:C6:D3;06/02/2023;06:44;4,23;2,88271588;81
Sensor 2;Rua de Sao Tome;00:13:A2:00:41:EF:C6:D3;06/02/2023;06:49;4,13;2,87444212;81
Sensor 2;Rua de Sao Tome;00:13:A2:00:41:EF:C6:D3;06/02/2023;06:53;4,13;2,83100488;79
Sensor 2;Rua de Sao Tome;00:13:A2:00:41:EF:C6:D3;06/02/2023;06:59;4,13;2,7165512;82
Sensor 2;Rua de Sao Tome;00:13:A2:00:41:EF:C6:D3;06/02/2023;07:04;4,13;2,79515192;81
Sensor 2;Rua de Sao Tome;00:13:A2:00:41:EF:C6:D3;06/02/2023;07:08;4,13;2,85996304;79
Sensor 2;Rua de Sao Tome;00:13:A2:00:41:EF:C6:D3;06/02/2023;07:14;4,13;2,74137248;80
Sensor 2;Rua de Sao Tome;00:13:A2:00:41:EF:C6:D3;06/02/2023;07:19;4,13;2,81238892;80
Sensor 2;Rua de Sao Tome;00:13:A2:00:41:EF:C6:D3;06/02/2023;07:29;4,13;2,71241432;80
Sensor 2;Rua de Sao Tome;00:13:A2:00:41:EF:C6:D3;06/02/2023;07:36;4,13;2,75792;83
Sensor 2;Rua de Sao Tome;00:13:A2:00:41:EF:C6:D3;06/02/2023;07:40;4,13;2,8165258;80
Sensor 2;Rua de Sao Tome;00:13:A2:00:41:EF:C6:D3;06/02/2023;07:45;4,03;2,74964624;81
Sensor 2;Rua de Sao Tome;00:13:A2:00:41:EF:C6:D3;06/02/2023;07:50;4,03;2,7786044;82
Sensor 2;Rua de Sao Tome;00:13:A2:00:41:EF:C6:D3;06/02/2023;07:55;4,03;2,70414056;78
Sensor 2;Rua de Sao Tome;00:13:A2:00:41:EF:C6:D3;06/02/2023;08:00;4,03;2,82066268;82
Sensor 2;Rua de Sao Tome;00:13:A2:00:41:EF:C6:D3;06/02/2023;08:05;4,03;2,71241432;76
Sensor 2;Rua de Sao Tome;00:13:A2:00:41:EF:C6:D3;06/02/2023;08:09;4,13;2,68759304;79
Sensor 2;Rua de Sao Tome;00:13:A2:00:41:EF:C6:D3;06/02/2023;08:14;4,03;2,68759304;83
Sensor 2;Rua de Sao Tome;00:13:A2:00:41:EF:C6:D3;06/02/2023;08:19;4,13;2,7786044;82
Sensor 2;Rua de Sao Tome;00:13:A2:00:41:EF:C6:D3;06/02/2023;08:23;4,13;2,84341552;80
Sensor 2;Rua de Sao Tome;00:13:A2:00:41:EF:C6:D3;06/02/2023;08:29;4,13;2,70827744;82
Sensor 2;Rua de Sao Tome;00:13:A2:00:41:EF:C6:D3;06/02/2023;08:34;4,13;2,67104552;80
Sensor 2;Rua de Sao Tome;00:13:A2:00:41:EF:C6:D3;06/02/2023;08:38;4,13;2,66690864;78
Sensor 2;Rua de Sao Tome;00:13:A2:00:41:EF:C6:D3;06/02/2023;08:44;4,13;2,65036112;80
Sensor 2;Rua de Sao Tome;00:13:A2:00:41:EF:C6:D3;06/02/2023;08:49;4,13;2,78274128;80
Sensor 2;Rua de Sao Tome;00:13:A2:00:41:EF:C6:D3;06/02/2023;08:53;4,13;2,7786044;79
Sensor 2;Rua de Sao Tome;00:13:A2:00:41:EF:C6:D3;06/02/2023;08:59;4,23;2,74550936;82
Sensor 2;Rua de Sao Tome;00:13:A2:00:41:EF:C6:D3;06/02/2023;09:14;4,23;2,65863488;81
Sensor 2;Rua de Sao Tome;00:13:A2:00:41:EF:C6:D3;06/02/2023;09:23;4,23;2,71241432;80
Sensor 2;Rua de Sao Tome;00:13:A2:00:41:EF:C6:D3;06/02/2023;10:29;5,69;2,7372356;82
Sensor 2;Rua de Sao Tome;00:13:A2:00:41:EF:C6:D3;06/02/2023;10:38;5,89;2,66690864;81
Sensor 2;Rua de Sao Tome;00:13:A2:00:41:EF:C6:D3;06/02/2023;10:42;5,98;2,82066268;80
Sensor 2;Rua de Sao Tome;00:13:A2:00:41:EF:C6:D3;06/02/2023;10:47;6,18;2,57107092;80
Sensor 2;Rua de Sao Tome;00:13:A2:00:41:EF:C6:D3;06/02/2023;10:52;6,38;2,78274128;80
Sensor 2;Rua de Sao Tome;00:13:A2:00:41:EF:C6:D3;06/02/2023;10:56;6,47;2,70000368;80
Sensor 2;Rua de Sao Tome;00:13:A2:00:41:EF:C6:D3;06/02/2023;11:01;6,67;2,77033064;82
Sensor 2;Rua de Sao Tome;00:13:A2:00:41:EF:C6:D3;06/02/2023;11:06;6,86;2,76205688;81
Sensor 2;Rua de Sao Tome;00:13:A2:00:41:EF:C6:D3;06/02/2023;11:10;6,96;2,60899232;79
Sensor 2;Rua de Sao Tome;00:13:A2:00:41:EF:C6:D3;06/02/2023;11:15;7,06;2,60071856;81
Sensor 2;Rua de Sao Tome;00:13:A2:00:41:EF:C6:D3;06/02/2023;11:20;7,25;2,63795048;83
Sensor 2;Rua de Sao Tome;00:13:A2:00:41:EF:C6:D3;06/02/2023;11:24;7,45;2,68759304;77
Sensor 2;Rua de Sao Tome;00:13:A2:00:41:EF:C6:D3;06/02/2023;11:29;7,65;2,72896184;82
Sensor 2;Rua de Sao Tome;00:13:A2:00:41:EF:C6:D3;06/02/2023;11:34;7,84;2,77033064;81
Sensor 2;Rua de Sao Tome;00:13:A2:00:41:EF:C6:D3;06/02/2023;11:38;8,04;2,58348156;80
Sensor 2;Rua de Sao Tome;00:13:A2:00:41:EF:C6:D3;06/02/2023;11:44;8,13;2,75792;81
Sensor 2;Rua de Sao Tome;00:13:A2:00:41:EF:C6:D3;06/02/2023;11:49;8,23;2,7372356;81
Sensor 2;Rua de Sao Tome;00:13:A2:00:41:EF:C6:D3;06/02/2023;11:53;8,23;2,70000368;80
Sensor 2;Rua de Sao Tome;00:13:A2:00:41:EF:C6:D3;06/02/2023;11:59;8,04;2,7165512;82
Sensor 2;Rua de Sao Tome;00:13:A2:00:41:EF:C6:D3;06/02/2023;12:04;7,84;2,70414056;82
Sensor 2;Rua de Sao Tome;00:13:A2:00:41:EF:C6:D3;06/02/2023;12:14;7,55;2,7372356;82
Sensor 2;Rua de Sao Tome;00:13:A2:00:41:EF:C6:D3;06/02/2023;12:25;7,45;2,69172992;82
Sensor 2;Rua de Sao Tome;00:13:A2:00:41:EF:C6:D3;06/02/2023;12:29;7,35;2,72896184;75
Sensor 2;Rua de Sao Tome;00:13:A2:00:41:EF:C6:D3;06/02/2023;13:59;6,86;2,66690864;82
Sensor 2;Rua de Sao Tome;00:13:A2:00:41:EF:C6:D3;06/02/2023;14:00;6,86;2,66690864;82
Sensor 2;Rua de Sao Tome;00:13:A2:00:41:EF:C6:D3;06/02/2023;14:05;6,86;2,69172992;81
Sensor 2;Rua de Sao Tome;00:13:A2:00:41:EF:C6:D3;06/02/2023;15:14;6,77;2,69172992;80
Sensor 2;Rua de Sao Tome;00:13:A2:00:41:EF:C6:D3;06/02/2023;15:19;6,77;2,69172992;83
Sensor 2;Rua de Sao Tome;00:13:A2:00:41:EF:C6:D3;06/02/2023;15:23;6,77;2,70414056;73
Sensor 2;Rua de Sao Tome;00:13:A2:00:41:EF:C6:D3;06/02/2023;15:29;6,77;2,65863488;82
Sensor 2;Rua de Sao Tome;00:13:A2:00:41:EF:C6:D3;06/02/2023;15:34;6,77;2,66277176;82
Sensor 2;Rua de Sao Tome;00:13:A2:00:41:EF:C6:D3;06/02/2023;15:38;6,77;2,69172992;80
Sensor 2;Rua de Sao Tome;00:13:A2:00:41:EF:C6:D3;06/02/2023;15:44;6,77;2,72068808;81
Sensor 2;Rua de Sao Tome;00:13:A2:00:41:EF:C6:D3;06/02/2023;15:49;6,77;2,67931928;80
Sensor 2;Rua de Sao Tome;00:13:A2:00:41:EF:C6:D3;06/02/2023;16:14;6,67;2,654498;82
Sensor 2;Rua de Sao Tome;00:13:A2:00:41:EF:C6:D3;06/02/2023;16:20;6,67;2,74964624;82
Sensor 2;Rua de Sao Tome;00:13:A2:00:41:EF:C6:D3;06/02/2023;17:14;6,57;2,62553984;81
Sensor 2;Rua de Sao Tome;00:13:A2:00:41:EF:C6:D3;06/02/2023;17:23;6,47;2,52556524;81
Sensor 2;Rua de Sao Tome;00:13:A2:00:41:EF:C6:D3;06/02/2023;17:27;6,47;2,55866028;80
Sensor 2;Rua de Sao Tome;00:13:A2:00:41:EF:C6:D3;06/02/2023;17:32;6,38;2,66690864;82
Sensor 2;Rua de Sao Tome;00:13:A2:00:41:EF:C6:D3;06/02/2023;17:37;6,38;2,6958668;83
Sensor 2;Rua de Sao Tome;00:13:A2:00:41:EF:C6:D3;06/02/2023;17:41;6,38;2,7992888;80
Sensor 2;Rua de Sao Tome;00:13:A2:00:41:EF:C6:D3;06/02/2023;17:46;6,38;2,76205688;81
Sensor 2;Rua de Sao Tome;00:13:A2:00:41:EF:C6:D3;06/02/2023;17:51;6,28;2,69172992;81
Sensor 2;Rua de Sao Tome;00:13:A2:00:41:EF:C6:D3;06/02/2023;17:55;6,28;2,59658168;71
Sensor 2;Rua de Sao Tome;00:13:A2:00:41:EF:C6:D3;06/02/2023;18:00;6,28;2,70414056;81
Sensor 2;Rua de Sao Tome;00:13:A2:00:41:EF:C6:D3;06/02/2023;18:05;6,18;2,70000368;82
Sensor 2;Rua de Sao Tome;00:13:A2:00:41:EF:C6:D3;06/02/2023;18:09;6,18;2,78274128;80
Sensor 2;Rua de Sao Tome;00:13:A2:00:41:EF:C6:D3;06/02/2023;18:14;6,18;2,654498;81
Sensor 2;Rua de Sao Tome;00:13:A2:00:41:EF:C6:D3;06/02/2023;18:19;6,18;2,65863488;81
Sensor 2;Rua de Sao Tome;00:13:A2:00:41:EF:C6:D3;06/02/2023;18:23;6,18;2,75378312;79
Sensor 2;Rua de Sao Tome;00:13:A2:00:41:EF:C6:D3;06/02/2023;18:30;6,08;2,67931928;80
Sensor 2;Rua de Sao Tome;00:13:A2:00:41:EF:C6:D3;06/02/2023;18:35;6,08;2,60899232;80
Sensor 2;Rua de Sao Tome;00:13:A2:00:41:EF:C6:D3;06/02/2023;18:38;6,08;2,62967672;79
Sensor 2;Rua de Sao Tome;00:13:A2:00:41:EF:C6:D3;06/02/2023;18:44;6,08;2,66690864;82
Sensor 2;Rua de Sao Tome;00:13:A2:00:41:EF:C6:D3;06/02/2023;18:49;6,08;2,60485544;82
Sensor 2;Rua de Sao Tome;00:13:A2:00:41:EF:C6:D3;06/02/2023;18:53;6,08;2,70827744;77
Sensor 2;Rua de Sao Tome;00:13:A2:00:41:EF:C6:D3;06/02/2023;18:59;5,98;2,6958668;80
Sensor 2;Rua de Sao Tome;00:13:A2:00:41:EF:C6:D3;06/02/2023;19:04;5,98;2,56693404;80
Sensor 2;Rua de Sao Tome;00:13:A2:00:41:EF:C6:D3;06/02/2023;19:08;5,89;2,61726608;79
Sensor 2;Rua de Sao Tome;00:13:A2:00:41:EF:C6:D3;06/02/2023;19:14;5,89;2,59658168;80
Sensor 2;Rua de Sao Tome;00:13:A2:00:41:EF:C6:D3;06/02/2023;19:29;5,89;2,56693404;81
Sensor 2;Rua de Sao Tome;00:13:A2:00:41:EF:C6:D3;06/02/2023;19:34;5,79;2,60485544;81
Sensor 2;Rua de Sao Tome;00:13:A2:00:41:EF:C6:D3;06/02/2023;19:38;5,79;2,70414056;80
Sensor 2;Rua de Sao Tome;00:13:A2:00:41:EF:C6:D3;06/02/2023;19:44;5,79;2,62967672;81
Sensor 2;Rua de Sao Tome;00:13:A2:00:41:EF:C6:D3;06/02/2023;20:04;5,79;2,52970212;81
Sensor 2;Rua de Sao Tome;00:13:A2:00:41:EF:C6:D3;06/02/2023;20:08;5,79;2,65036112;80
Sensor 2;Rua de Sao Tome;00:13:A2:00:41:EF:C6:D3;06/02/2023;20:14;5,79;2,64208736;80
Sensor 2;Rua de Sao Tome;00:13:A2:00:41:EF:C6:D3;06/02/2023;20:19;5,79;2,67931928;82
Sensor 2;Rua de Sao Tome;00:13:A2:00:41:EF:C6:D3;06/02/2023;20:23;5,79;2,55038652;79
Sensor 2;Rua de Sao Tome;00:13:A2:00:41:EF:C6:D3;06/02/2023;20:29;5,79;2,54624964;80
Sensor 2;Rua de Sao Tome;00:13:A2:00:41:EF:C6:D3;06/02/2023;20:34;5,79;2,62967672;82
Sensor 2;Rua de Sao Tome;00:13:A2:00:41:EF:C6:D3;06/02/2023;20:38;5,79;2,48419644;79
Sensor 2;Rua de Sao Tome;00:13:A2:00:41:EF:C6:D3;06/02/2023;20:44;5,79;2,57107092;81
Sensor 2;Rua de Sao Tome;00:13:A2:00:41:EF:C6:D3;06/02/2023;20:49;5,79;2,61726608;80
Sensor 2;Rua de Sao Tome;00:13:A2:00:41:EF:C6:D3;06/02/2023;20:53;5,79;2,5545234;78
Sensor 2;Rua de Sao Tome;00:13:A2:00:41:EF:C6:D3;06/02/2023;20:59;5,79;2,6751824;80
Sensor 2;Rua de Sao Tome;00:13:A2:00:41:EF:C6:D3;06/02/2023;21:04;5,69;2,54624964;81
Sensor 2;Rua de Sao Tome;00:13:A2:00:41:EF:C6:D3;06/02/2023;21:08;5,69;2,6131292;71
Sensor 2;Rua de Sao Tome;00:13:A2:00:41:EF:C6:D3;06/02/2023;21:14;5,69;2,56693404;81
Sensor 2;Rua de Sao Tome;00:13:A2:00:41:EF:C6:D3;06/02/2023;21:19;5,69;2,66690864;83
Sensor 2;Rua de Sao Tome;00:13:A2:00:41:EF:C6:D3;06/02/2023;21:29;5,69;2,654498;81
Sensor 2;Rua de Sao Tome;00:13:A2:00:41:EF:C6:D3;06/02/2023;21:37;5,69;2,63795048;83
Sensor 2;Rua de Sao Tome;00:13:A2:00:41:EF:C6:D3;06/02/2023;21:41;5,69;2,55038652;79
Sensor 2;Rua de Sao Tome;00:13:A2:00:41:EF:C6:D3;06/02/2023;21:46;5,59;2,65863488;80
Sensor 2;Rua de Sao Tome;00:13:A2:00:41:EF:C6:D3;06/02/2023;21:51;5,59;2,59658168;82
Sensor 2;Rua de Sao Tome;00:13:A2:00:41:EF:C6:D3;06/02/2023;21:55;5,59;2,66690864;77
Sensor 2;Rua de Sao Tome;00:13:A2:00:41:EF:C6:D3;06/02/2023;22:00;5,59;2,65036112;80
Sensor 2;Rua de Sao Tome;00:13:A2:00:41:EF:C6:D3;06/02/2023;22:05;5,5;2,64208736;81
Sensor 2;Rua de Sao Tome;00:13:A2:00:41:EF:C6:D3;06/02/2023;22:09;5,5;2,60071856;78
Sensor 2;Rua de Sao Tome;00:13:A2:00:41:EF:C6:D3;06/02/2023;22:14;5,5;2,56693404;82
Sensor 2;Rua de Sao Tome;00:13:A2:00:41:EF:C6:D3;06/02/2023;22:19;5,5;2,64208736;80
Sensor 2;Rua de Sao Tome;00:13:A2:00:41:EF:C6:D3;06/02/2023;22:23;5,5;2,67104552;80
Sensor 2;Rua de Sao Tome;00:13:A2:00:41:EF:C6:D3;06/02/2023;22:29;5,5;2,70827744;81
Sensor 2;Rua de Sao Tome;00:13:A2:00:41:EF:C6:D3;06/02/2023;22:34;5,5;2,59658168;80
Sensor 2;Rua de Sao Tome;00:13:A2:00:41:EF:C6:D3;06/02/2023;22:38;5,5;2,6131292;80
Sensor 2;Rua de Sao Tome;00:13:A2:00:41:EF:C6:D3;06/02/2023;22:44;5,5;2,70000368;79
Sensor 2;Rua de Sao Tome;00:13:A2:00:41:EF:C6:D3;06/02/2023;22:49;5,5;2,55866028;80
Sensor 2;Rua de Sao Tome;00:13:A2:00:41:EF:C6:D3;06/02/2023;22:53;5,5;2,66690864;75
Sensor 2;Rua de Sao Tome;00:13:A2:00:41:EF:C6:D3;06/02/2023;22:59;5,4;2,65036112;82
Sensor 2;Rua de Sao Tome;00:13:A2:00:41:EF:C6:D3;06/02/2023;23:04;5,4;2,68759304;81
Sensor 2;Rua de Sao Tome;00:13:A2:00:41:EF:C6:D3;06/02/2023;23:14;5,4;2,74550936;80
Sensor 2;Rua de Sao Tome;00:13:A2:00:41:EF:C6:D3;06/02/2023;23:21;5,4;2,70414056;82
Sensor 2;Rua de Sao Tome;00:13:A2:00:41:EF:C6:D3;06/02/2023;23:25;5,4;2,62140296;78
Sensor 2;Rua de Sao Tome;00:13:A2:00:41:EF:C6:D3;06/02/2023;23:30;5,4;2,69172992;79
Sensor 2;Rua de Sao Tome;00:13:A2:00:41:EF:C6:D3;06/02/2023;23:35;5,4;2,65036112;80
Sensor 2;Rua de Sao Tome;00:13:A2:00:41:EF:C6:D3;06/02/2023;23:39;5,4;2,65863488;79
Sensor 2;Rua de Sao Tome;00:13:A2:00:41:EF:C6:D3;06/02/2023;23:44;5,4;2,66690864;79
Sensor 2;Rua de Sao Tome;00:13:A2:00:41:EF:C6:D3;06/02/2023;23:49;5,3;2,654498;79
Sensor 2;Rua de Sao Tome;00:13:A2:00:41:EF:C6:D3;06/02/2023;23:53;5,4;2,67931928;79
Sensor 2;Rua de Sao Tome;00:13:A2:00:41:EF:C6:D3;06/02/2023;23:59;5,3;2,73309872;82
Sensor 2;Rua de Sao Tome;00:13:A2:00:41:EF:C6:D3;07/02/2023;00:04;5,3;2,6958668;80
Sensor 2;Rua de Sao Tome;00:13:A2:00:41:EF:C6:D3;07/02/2023;00:08;5,3;2,72482496;79
Sensor 2;Rua de Sao Tome;00:13:A2:00:41:EF:C6:D3;07/02/2023;00:14;5,3;2,71241432;81
Sensor 2;Rua de Sao Tome;00:13:A2:00:41:EF:C6:D3;07/02/2023;00:19;5,3;2,6958668;79
Sensor 2;Rua de Sao Tome;00:13:A2:00:41:EF:C6:D3;07/02/2023;00:23;5,3;2,6958668;76
Sensor 2;Rua de Sao Tome;00:13:A2:00:41:EF:C6:D3;07/02/2023;00:29;5,2;2,69172992;81
Sensor 2;Rua de Sao Tome;00:13:A2:00:41:EF:C6:D3;07/02/2023;00:34;5,2;2,74964624;82
Sensor 2;Rua de Sao Tome;00:13:A2:00:41:EF:C6:D3;07/02/2023;00:38;5,2;2,70827744;80
Sensor 2;Rua de Sao Tome;00:13:A2:00:41:EF:C6:D3;07/02/2023;00:44;5,2;2,74964624;82
Sensor 2;Rua de Sao Tome;00:13:A2:00:41:EF:C6:D3;07/02/2023;00:49;5,2;2,70827744;81
Sensor 2;Rua de Sao Tome;00:13:A2:00:41:EF:C6:D3;07/02/2023;00:53;5,2;2,69172992;79
Sensor 2;Rua de Sao Tome;00:13:A2:00:41:EF:C6:D3;07/02/2023;00:59;5,2;2,72068808;82
Sensor 2;Rua de Sao Tome;00:13:A2:00:41:EF:C6:D3;07/02/2023;01:04;5,2;2,72068808;81
Sensor 2;Rua de Sao Tome;00:13:A2:00:41:EF:C6:D3;07/02/2023;01:08;5,2;2,72896184;77
Sensor 2;Rua de Sao Tome;00:13:A2:00:41:EF:C6:D3;07/02/2023;01:14;5,11;2,68759304;79
Sensor 2;Rua de Sao Tome;00:13:A2:00:41:EF:C6:D3;07/02/2023;01:19;5,11;2,74137248;82
Sensor 2;Rua de Sao Tome;00:13:A2:00:41:EF:C6:D3;07/02/2023;01:23;5,11;2,71241432;80
Sensor 2;Rua de Sao Tome;00:13:A2:00:41:EF:C6:D3;07/02/2023;01:29;5,11;2,70000368;81
Sensor 2;Rua de Sao Tome;00:13:A2:00:41:EF:C6:D3;07/02/2023;01:34;5,11;2,70827744;82
Sensor 2;Rua de Sao Tome;00:13:A2:00:41:EF:C6:D3;07/02/2023;01:38;5,11;2,76205688;76
Sensor 2;Rua de Sao Tome;00:13:A2:00:41:EF:C6:D3;07/02/2023;01:44;5,01;2,72068808;80
Sensor 2;Rua de Sao Tome;00:13:A2:00:41:EF:C6:D3;07/02/2023;01:49;5,01;2,71241432;81
Sensor 2;Rua de Sao Tome;00:13:A2:00:41:EF:C6:D3;07/02/2023;01:53;5,01;2,71241432;73
Sensor 2;Rua de Sao Tome;00:13:A2:00:41:EF:C6:D3;07/02/2023;01:59;5,01;2,7165512;82
Sensor 2;Rua de Sao Tome;00:13:A2:00:41:EF:C6:D3;07/02/2023;02:04;5,01;2,75378312;82
Sensor 2;Rua de Sao Tome;00:13:A2:00:41:EF:C6:D3;07/02/2023;02:08;5,01;2,74137248;73
Sensor 2;Rua de Sao Tome;00:13:A2:00:41:EF:C6:D3;07/02/2023;02:14;5,01;2,7165512;81
Sensor 2;Rua de Sao Tome;00:13:A2:00:41:EF:C6:D3;07/02/2023;02:19;5,01;2,7786044;82
Sensor 2;Rua de Sao Tome;00:13:A2:00:41:EF:C6:D3;07/02/2023;02:23;5,01;2,78274128;78
Sensor 2;Rua de Sao Tome;00:13:A2:00:41:EF:C6:D3;07/02/2023;02:29;5,01;2,76205688;80
Sensor 2;Rua de Sao Tome;00:13:A2:00:41:EF:C6:D3;07/02/2023;02:34;5,01;2,76205688;81
Sensor 2;Rua de Sao Tome;00:13:A2:00:41:EF:C6:D3;07/02/2023;02:38;4,91;2,74964624;74
Sensor 2;Rua de Sao Tome;00:13:A2:00:41:EF:C6:D3;07/02/2023;02:44;4,91;2,77446752;80
Sensor 2;Rua de Sao Tome;00:13:A2:00:41:EF:C6:D3;07/02/2023;02:49;4,91;2,77446752;81
Sensor 2;Rua de Sao Tome;00:13:A2:00:41:EF:C6:D3;07/02/2023;02:53;4,91;2,77033064;75
Sensor 2;Rua de Sao Tome;00:13:A2:00:41:EF:C6:D3;07/02/2023;02:59;4,91;2,7786044;82
Sensor 2;Rua de Sao Tome;00:13:A2:00:41:EF:C6:D3;07/02/2023;03:14;4,81;2,78687816;80
Sensor 2;Rua de Sao Tome;00:13:A2:00:41:EF:C6:D3;07/02/2023;03:28;4,81;2,7992888;79
Sensor 2;Rua de Sao Tome;00:13:A2:00:41:EF:C6:D3;07/02/2023;03:32;4,81;2,77446752;70
Sensor 2;Rua de Sao Tome;00:13:A2:00:41:EF:C6:D3;07/02/2023;03:37;4,81;2,80411516;82
Sensor 2;Rua de Sao Tome;00:13:A2:00:41:EF:C6:D3;07/02/2023;03:42;4,81;2,80411516;79
Sensor 2;Rua de Sao Tome;00:13:A2:00:41:EF:C6:D3;07/02/2023;03:46;4,81;2,80825204;70
Sensor 2;Rua de Sao Tome;00:13:A2:00:41:EF:C6:D3;07/02/2023;03:51;4,81;2,81238892;80
Sensor 2;Rua de Sao Tome;00:13:A2:00:41:EF:C6:D3;07/02/2023;03:56;4,81;2,7372356;79
Sensor 2;Rua de Sao Tome;00:13:A2:00:41:EF:C6:D3;07/02/2023;04:00;4,71;2,82066268;77
Sensor 2;Rua de Sao Tome;00:13:A2:00:41:EF:C6:D3;07/02/2023;04:05;4,71;2,79515192;79
Sensor 2;Rua de Sao Tome;00:13:A2:00:41:EF:C6:D3;07/02/2023;04:10;4,71;2,83100488;81
Sensor 2;Rua de Sao Tome;00:13:A2:00:41:EF:C6:D3;07/02/2023;04:14;4,71;2,82479956;79
Sensor 2;Rua de Sao Tome;00:13:A2:00:41:EF:C6:D3;07/02/2023;04:19;4,71;2,79515192;82
Sensor 2;Rua de Sao Tome;00:13:A2:00:41:EF:C6:D3;07/02/2023;04:24;4,71;2,81238892;80
Sensor 2;Rua de Sao Tome;00:13:A2:00:41:EF:C6:D3;07/02/2023;04:28;4,71;2,82479956;78
Sensor 2;Rua de Sao Tome;00:13:A2:00:41:EF:C6:D3;07/02/2023;04:33;4,71;2,81238892;81
Sensor 2;Rua de Sao Tome;00:13:A2:00:41:EF:C6:D3;07/02/2023;04:38;4,71;2,85168928;80
Sensor 2;Rua de Sao Tome;00:13:A2:00:41:EF:C6:D3;07/02/2023;04:42;4,71;2,84341552;77
Sensor 2;Rua de Sao Tome;00:13:A2:00:41:EF:C6:D3;07/02/2023;04:47;4,71;2,8475524;79
Sensor 2;Rua de Sao Tome;00:13:A2:00:41:EF:C6:D3;07/02/2023;04:52;4,71;2,83100488;81
Sensor 2;Rua de Sao Tome;00:13:A2:00:41:EF:C6:D3;07/02/2023;04:56;4,71;2,83514176;70
Sensor 2;Rua de Sao Tome;00:13:A2:00:41:EF:C6:D3;07/02/2023;05:01;4,71;2,86616836;80
Sensor 2;Rua de Sao Tome;00:13:A2:00:41:EF:C6:D3;07/02/2023;05:06;4,62;2,85582616;80
Sensor 2;Rua de Sao Tome;00:13:A2:00:41:EF:C6:D3;07/02/2023;05:10;4,62;2,86616836;73
Sensor 2;Rua de Sao Tome;00:13:A2:00:41:EF:C6:D3;07/02/2023;05:15;4,62;2,82066268;79
Sensor 2;Rua de Sao Tome;00:13:A2:00:41:EF:C6:D3;07/02/2023;05:20;4,62;2,83514176;82
Sensor 2;Rua de Sao Tome;00:13:A2:00:41:EF:C6:D3;07/02/2023;05:25;4,62;2,85582616;77
Sensor 2;Rua de Sao Tome;00:13:A2:00:41:EF:C6:D3;07/02/2023;05:30;4,62;2,85168928;81
Sensor 2;Rua de Sao Tome;00:13:A2:00:41:EF:C6:D3;07/02/2023;05:35;4,62;2,83100488;79
Sensor 2;Rua de Sao Tome;00:13:A2:00:41:EF:C6:D3;07/02/2023;05:39;4,62;2,83927864;78
Sensor 2;Rua de Sao Tome;00:13:A2:00:41:EF:C6:D3;07/02/2023;05:44;4,62;2,8475524;81
Sensor 2;Rua de Sao Tome;00:13:A2:00:41:EF:C6:D3;07/02/2023;05:49;4,62;2,83100488;82
Sensor 2;Rua de Sao Tome;00:13:A2:00:41:EF:C6:D3;07/02/2023;05:53;4,62;2,83927864;78
Sensor 2;Rua de Sao Tome;00:13:A2:00:41:EF:C6:D3;07/02/2023;05:59;4,62;2,82479956;79
Sensor 2;Rua de Sao Tome;00:13:A2:00:41:EF:C6:D3;07/02/2023;06:04;4,52;2,826868;81
Sensor 2;Rua de Sao Tome;00:13:A2:00:41:EF:C6:D3;07/02/2023;06:08;4,52;2,82066268;79
Sensor 2;Rua de Sao Tome;00:13:A2:00:41:EF:C6:D3;07/02/2023;06:14;4,52;2,86616836;80
Sensor 2;Rua de Sao Tome;00:13:A2:00:41:EF:C6:D3;07/02/2023;06:19;4,52;2,826868;80
Sensor 2;Rua de Sao Tome;00:13:A2:00:41:EF:C6:D3;07/02/2023;06:23;4,52;2,7786044;70
Sensor 2;Rua de Sao Tome;00:13:A2:00:41:EF:C6:D3;07/02/2023;06:29;4,52;2,81238892;81
Sensor 2;Rua de Sao Tome;00:13:A2:00:41:EF:C6:D3;07/02/2023;06:44;4,52;2,83100488;82
Sensor 2;Rua de Sao Tome;00:13:A2:00:41:EF:C6:D3;07/02/2023;07:04;4,42;2,84341552;79
Sensor 2;Rua de Sao Tome;00:13:A2:00:41:EF:C6:D3;07/02/2023;07:08;4,42;2,80411516;77
Sensor 2;Rua de Sao Tome;00:13:A2:00:41:EF:C6:D3;07/02/2023;07:14;4,42;2,7165512;81
Sensor 2;Rua de Sao Tome;00:13:A2:00:41:EF:C6:D3;07/02/2023;07:19;4,42;2,76619376;79
Sensor 2;Rua de Sao Tome;00:13:A2:00:41:EF:C6:D3;07/02/2023;07:23;4,42;2,81238892;78
Sensor 2;Rua de Sao Tome;00:13:A2:00:41:EF:C6:D3;07/02/2023;07:29;4,42;2,80825204;81
Sensor 2;Rua de Sao Tome;00:13:A2:00:41:EF:C6:D3;07/02/2023;07:34;4,42;2,77033064;81
Sensor 2;Rua de Sao Tome;00:13:A2:00:41:EF:C6:D3;07/02/2023;07:38;4,42;2,72482496;73
Sensor 2;Rua de Sao Tome;00:13:A2:00:41:EF:C6:D3;07/02/2023;07:44;4,42;2,7165512;79
Sensor 2;Rua de Sao Tome;00:13:A2:00:41:EF:C6:D3;07/02/2023;07:49;4,42;2,72896184;79
Sensor 2;Rua de Sao Tome;00:13:A2:00:41:EF:C6:D3;07/02/2023;07:53;4,42;2,77446752;74
Sensor 2;Rua de Sao Tome;00:13:A2:00:41:EF:C6:D3;07/02/2023;07:59;4,32;2,70827744;79
Sensor 2;Rua de Sao Tome;00:13:A2:00:41:EF:C6:D3;07/02/2023;08:04;4,32;2,76205688;80
Sensor 2;Rua de Sao Tome;00:13:A2:00:41:EF:C6:D3;07/02/2023;08:08;4,32;2,7372356;78
Sensor 2;Rua de Sao Tome;00:13:A2:00:41:EF:C6:D3;07/02/2023;08:14;4,42;2,7992888;82
Sensor 2;Rua de Sao Tome;00:13:A2:00:41:EF:C6:D3;07/02/2023;08:19;4,42;2,826868;79
Sensor 2;Rua de Sao Tome;00:13:A2:00:41:EF:C6:D3;07/02/2023;08:23;4,42;2,82479956;76
Sensor 2;Rua de Sao Tome;00:13:A2:00:41:EF:C6:D3;07/02/2023;08:29;4,42;2,79101504;74
Sensor 2;Rua de Sao Tome;00:13:A2:00:41:EF:C6:D3;07/02/2023;08:34;4,42;2,75378312;79
Sensor 2;Rua de Sao Tome;00:13:A2:00:41:EF:C6:D3;07/02/2023;08:44;4,42;2,7992888;81
Sensor 2;Rua de Sao Tome;00:13:A2:00:41:EF:C6:D3;07/02/2023;08:53;4,42;2,7372356;80
Sensor 2;Rua de Sao Tome;00:13:A2:00:41:EF:C6:D3;07/02/2023;08:57;4,52;2,74550936;78
Sensor 2;Rua de Sao Tome;00:13:A2:00:41:EF:C6:D3;07/02/2023;09:02;4,52;2,74550936;80
Sensor 2;Rua de Sao Tome;00:13:A2:00:41:EF:C6:D3;07/02/2023;09:07;4,52;2,78687816;80
Sensor 2;Rua de Sao Tome;00:13:A2:00:41:EF:C6:D3;07/02/2023;09:11;4,52;2,83514176;78
Sensor 2;Rua de Sao Tome;00:13:A2:00:41:EF:C6:D3;07/02/2023;10:00;5,11;2,80825204;79
Sensor 2;Rua de Sao Tome;00:13:A2:00:41:EF:C6:D3;07/02/2023;10:08;5,2;2,72896184;79
Sensor 2;Rua de Sao Tome;00:13:A2:00:41:EF:C6:D3;07/02/2023;10:11;5,4;2,6751824;76
Sensor 2;Rua de Sao Tome;00:13:A2:00:41:EF:C6:D3;07/02/2023;10:16;5,5;2,74137248;80
Sensor 2;Rua de Sao Tome;00:13:A2:00:41:EF:C6:D3;07/02/2023;10:21;5,79;2,70414056;79
Sensor 2;Rua de Sao Tome;00:13:A2:00:41:EF:C6:D3;07/02/2023;10:25;5,89;2,74550936;78
Sensor 2;Rua de Sao Tome;00:13:A2:00:41:EF:C6:D3;07/02/2023;10:30;5,98;2,76619376;79
Sensor 2;Rua de Sao Tome;00:13:A2:00:41:EF:C6:D3;07/02/2023;10:35;6,18;2,72068808;79
Sensor 2;Rua de Sao Tome;00:13:A2:00:41:EF:C6:D3;07/02/2023;10:39;6,28;2,64208736;78
Sensor 2;Rua de Sao Tome;00:13:A2:00:41:EF:C6:D3;07/02/2023;10:44;6,47;2,68345616;79
Sensor 2;Rua de Sao Tome;00:13:A2:00:41:EF:C6:D3;07/02/2023;10:49;6,67;2,68759304;80
Sensor 2;Rua de Sao Tome;00:13:A2:00:41:EF:C6:D3;07/02/2023;10:53;6,77;2,77446752;72
Sensor 2;Rua de Sao Tome;00:13:A2:00:41:EF:C6:D3;07/02/2023;10:59;6,96;2,57107092;81
Sensor 2;Rua de Sao Tome;00:13:A2:00:41:EF:C6:D3;07/02/2023;11:14;7,35;2,8165258;79
Sensor 2;Rua de Sao Tome;00:13:A2:00:41:EF:C6:D3;07/02/2023;11:21;7,55;2,70414056;80
Sensor 2;Rua de Sao Tome;00:13:A2:00:41:EF:C6:D3;07/02/2023;11:25;7,65;2,66277176;78
Sensor 2;Rua de Sao Tome;00:13:A2:00:41:EF:C6:D3;07/02/2023;11:30;7,84;2,68759304;80
Sensor 2;Rua de Sao Tome;00:13:A2:00:41:EF:C6:D3;07/02/2023;11:35;8,04;2,68345616;81
Sensor 2;Rua de Sao Tome;00:13:A2:00:41:EF:C6:D3;07/02/2023;11:39;8,13;2,74137248;71
Sensor 2;Rua de Sao Tome;00:13:A2:00:41:EF:C6:D3;07/02/2023;11:44;8,33;2,71241432;80
Sensor 2;Rua de Sao Tome;00:13:A2:00:41:EF:C6:D3;07/02/2023;11:49;8,33;2,55866028;80
Sensor 2;Rua de Sao Tome;00:13:A2:00:41:EF:C6:D3;07/02/2023;11:53;8,33;2,66277176;79
Sensor 2;Rua de Sao Tome;00:13:A2:00:41:EF:C6:D3;07/02/2023;11:59;8,13;2,54624964;80
Sensor 2;Rua de Sao Tome;00:13:A2:00:41:EF:C6:D3;07/02/2023;12:04;7,94;2,72896184;79
Sensor 2;Rua de Sao Tome;00:13:A2:00:41:EF:C6:D3;07/02/2023;12:08;7,84;2,6751824;71
Sensor 2;Rua de Sao Tome;00:13:A2:00:41:EF:C6:D3;07/02/2023;12:14;7,65;2,72482496;79
Sensor 2;Rua de Sao Tome;00:13:A2:00:41:EF:C6:D3;07/02/2023;12:29;7,35;2,75378312;80
Sensor 2;Rua de Sao Tome;00:13:A2:00:41:EF:C6:D3;07/02/2023;12:37;7,25;2,63795048;79
Sensor 2;Rua de Sao Tome;00:13:A2:00:41:EF:C6:D3;07/02/2023;12:41;7,25;2,67931928;78
Sensor 2;Rua de Sao Tome;00:13:A2:00:41:EF:C6:D3;07/02/2023;12:46;7,16;2,62140296;79
Sensor 2;Rua de Sao Tome;00:13:A2:00:41:EF:C6:D3;07/02/2023;12:51;7,06;2,7786044;80
Sensor 2;Rua de Sao Tome;00:13:A2:00:41:EF:C6:D3;07/02/2023;12:55;7,06;2,65863488;78
Sensor 2;Rua de Sao Tome;00:13:A2:00:41:EF:C6:D3;07/02/2023;13:00;7,06;2,78274128;79
Sensor 2;Rua de Sao Tome;00:13:A2:00:41:EF:C6:D3;07/02/2023;13:05;6,96;2,75378312;80
Sensor 2;Rua de Sao Tome;00:13:A2:00:41:EF:C6:D3;07/02/2023;13:09;6,96;2,65863488;73
Sensor 2;Rua de Sao Tome;00:13:A2:00:41:EF:C6:D3;07/02/2023;13:14;6,96;2,60071856;80
Sensor 2;Rua de Sao Tome;00:13:A2:00:41:EF:C6:D3;07/02/2023;13:19;6,96;2,77033064;80
Sensor 2;Rua de Sao Tome;00:13:A2:00:41:EF:C6:D3;07/02/2023;13:30;6,86;2,6958668;79
Sensor 2;Rua de Sao Tome;00:13:A2:00:41:EF:C6:D3;07/02/2023;13:35;6,86;2,6131292;80
Sensor 2;Rua de Sao Tome;00:13:A2:00:41:EF:C6:D3;07/02/2023;13:38;6,86;2,67104552;73
Sensor 2;Rua de Sao Tome;00:13:A2:00:41:EF:C6:D3;07/02/2023;13:44;6,86;2,56279716;75
Sensor 2;Rua de Sao Tome;00:13:A2:00:41:EF:C6:D3;07/02/2023;13:49;6,86;2,68759304;79
Sensor 2;Rua de Sao Tome;00:13:A2:00:41:EF:C6:D3;07/02/2023;13:53;6,86;2,57934468;76
Sensor 2;Rua de Sao Tome;00:13:A2:00:41:EF:C6:D3;07/02/2023;14:04;6,77;2,7165512;82
Sensor 2;Rua de Sao Tome;00:13:A2:00:41:EF:C6:D3;07/02/2023;14:08;6,77;2,65036112;78
Sensor 2;Rua de Sao Tome;00:13:A2:00:41:EF:C6:D3;07/02/2023;14:14;6,77;2,6338136;79
Sensor 2;Rua de Sao Tome;00:13:A2:00:41:EF:C6:D3;07/02/2023;14:29;6,77;2,72068808;79
Sensor 2;Rua de Sao Tome;00:13:A2:00:41:EF:C6:D3;07/02/2023;14:34;6,77;2,67931928;79
Sensor 2;Rua de Sao Tome;00:13:A2:00:41:EF:C6:D3;07/02/2023;14:38;6,77;2,654498;78
Sensor 2;Rua de Sao Tome;00:13:A2:00:41:EF:C6:D3;07/02/2023;14:53;6,77;2,654498;79
Sensor 2;Rua de Sao Tome;00:13:A2:00:41:EF:C6:D3;07/02/2023;15:14;6,77;2,71241432;81
Sensor 2;Rua de Sao Tome;00:13:A2:00:41:EF:C6:D3;07/02/2023;15:19;6,77;2,6958668;81
Sensor 2;Rua de Sao Tome;00:13:A2:00:41:EF:C6:D3;07/02/2023;15:23;6,77;2,75378312;75
Sensor 2;Rua de Sao Tome;00:13:A2:00:41:EF:C6:D3;07/02/2023;15:29;6,77;2,72482496;79
Sensor 2;Rua de Sao Tome;00:13:A2:00:41:EF:C6:D3;07/02/2023;15:34;6,77;2,75792;80
Sensor 2;Rua de Sao Tome;00:13:A2:00:41:EF:C6:D3;07/02/2023;15:38;6,77;2,60899232;79
Sensor 2;Rua de Sao Tome;00:13:A2:00:41:EF:C6:D3;07/02/2023;15:44;6,77;2,68345616;82
Sensor 2;Rua de Sao Tome;00:13:A2:00:41:EF:C6:D3;07/02/2023;15:59;6,77;2,8475524;82
Sensor 2;Rua de Sao Tome;00:13:A2:00:41:EF:C6:D3;07/02/2023;16:00;6,77;2,8475524;82
Sensor 2;Rua de Sao Tome;00:13:A2:00:41:EF:C6:D3;07/02/2023;16:09;6,77;2,77033064;81
Sensor 2;Rua de Sao Tome;00:13:A2:00:41:EF:C6:D3;07/02/2023;16:13;6,77;2,66690864;78
Sensor 2;Rua de Sao Tome;00:13:A2:00:41:EF:C6:D3;07/02/2023;16:18;6,67;2,68759304;81
Sensor 2;Rua de Sao Tome;00:13:A2:00:41:EF:C6:D3;07/02/2023;16:23;6,67;2,69172992;82
Sensor 2;Rua de Sao Tome;00:13:A2:00:41:EF:C6:D3;07/02/2023;16:27;6,67;2,68345616;70
Sensor 2;Rua de Sao Tome;00:13:A2:00:41:EF:C6:D3;07/02/2023;16:32;6,67;2,57934468;81
Sensor 2;Rua de Sao Tome;00:13:A2:00:41:EF:C6:D3;07/02/2023;16:37;6,67;2,68345616;80
Sensor 2;Rua de Sao Tome;00:13:A2:00:41:EF:C6:D3;07/02/2023;16:41;6,67;2,64622424;78
Sensor 2;Rua de Sao Tome;00:13:A2:00:41:EF:C6:D3;07/02/2023;16:46;6,67;2,71241432;82
Sensor 2;Rua de Sao Tome;00:13:A2:00:41:EF:C6:D3;07/02/2023;16:51;6,57;2,6751824;81
Sensor 2;Rua de Sao Tome;00:13:A2:00:41:EF:C6:D3;07/02/2023;16:55;6,57;2,63795048;78
Sensor 2;Rua de Sao Tome;00:13:A2:00:41:EF:C6:D3;07/02/2023;17:00;6,57;2,57934468;79
Sensor 2;Rua de Sao Tome;00:13:A2:00:41:EF:C6:D3;07/02/2023;17:05;6,57;2,62140296;80
Sensor 2;Rua de Sao Tome;00:13:A2:00:41:EF:C6:D3;07/02/2023;17:09;6,57;2,63795048;79
Sensor 2;Rua de Sao Tome;00:13:A2:00:41:EF:C6:D3;07/02/2023;17:14;6,57;2,7165512;79
Sensor 2;Rua de Sao Tome;00:13:A2:00:41:EF:C6:D3;07/02/2023;17:19;6,47;2,6958668;81
Sensor 2;Rua de Sao Tome;00:13:A2:00:41:EF:C6:D3;07/02/2023;17:23;6,47;2,68759304;78
Sensor 2;Rua de Sao Tome;00:13:A2:00:41:EF:C6:D3;07/02/2023;17:30;6,47;2,60485544;81
Sensor 2;Rua de Sao Tome;00:13:A2:00:41:EF:C6:D3;07/02/2023;17:35;6,38;2,66690864;79
Sensor 2;Rua de Sao Tome;00:13:A2:00:41:EF:C6:D3;07/02/2023;17:38;6,38;2,60899232;72
Sensor 2;Rua de Sao Tome;00:13:A2:00:41:EF:C6:D3;07/02/2023;17:44;6,38;2,63795048;81
Sensor 2;Rua de Sao Tome;00:13:A2:00:41:EF:C6:D3;07/02/2023;17:49;6,38;2,5752078;82
Sensor 2;Rua de Sao Tome;00:13:A2:00:41:EF:C6:D3;07/02/2023;17:53;6,38;2,6751824;78
Sensor 2;Rua de Sao Tome;00:13:A2:00:41:EF:C6:D3;07/02/2023;17:59;6,28;2,62967672;81
Sensor 2;Rua de Sao Tome;00:13:A2:00:41:EF:C6:D3;07/02/2023;18:04;6,28;2,66277176;81
Sensor 2;Rua de Sao Tome;00:13:A2:00:41:EF:C6:D3;07/02/2023;18:08;6,28;2,7165512;76
Sensor 2;Rua de Sao Tome;00:13:A2:00:41:EF:C6:D3;07/02/2023;18:14;6,18;2,6338136;80
Sensor 2;Rua de Sao Tome;00:13:A2:00:41:EF:C6:D3;07/02/2023;18:19;6,18;2,58348156;81
Sensor 2;Rua de Sao Tome;00:13:A2:00:41:EF:C6:D3;07/02/2023;18:23;6,18;2,68345616;79
Sensor 2;Rua de Sao Tome;00:13:A2:00:41:EF:C6:D3;07/02/2023;18:29;6,08;2,61726608;80
Sensor 2;Rua de Sao Tome;00:13:A2:00:41:EF:C6:D3;07/02/2023;18:34;6,08;2,59658168;82
Sensor 2;Rua de Sao Tome;00:13:A2:00:41:EF:C6:D3;07/02/2023;18:38;6,08;2,62140296;76
Sensor 2;Rua de Sao Tome;00:13:A2:00:41:EF:C6:D3;07/02/2023;18:44;6,08;2,66277176;80
Sensor 2;Rua de Sao Tome;00:13:A2:00:41:EF:C6:D3;07/02/2023;18:49;6,08;2,47385424;81
Sensor 2;Rua de Sao Tome;00:13:A2:00:41:EF:C6:D3;07/02/2023;18:53;6,08;2,5545234;78
Sensor 2;Rua de Sao Tome;00:13:A2:00:41:EF:C6:D3;07/02/2023;18:59;5,98;2,59658168;81
Sensor 2;Rua de Sao Tome;00:13:A2:00:41:EF:C6:D3;07/02/2023;19:04;5,98;2,49660708;81
Sensor 2;Rua de Sao Tome;00:13:A2:00:41:EF:C6:D3;07/02/2023;19:08;5,98;2,61726608;77
Sensor 2;Rua de Sao Tome;00:13:A2:00:41:EF:C6:D3;07/02/2023;19:14;5,98;2,59175532;80
Sensor 2;Rua de Sao Tome;00:13:A2:00:41:EF:C6:D3;07/02/2023;19:19;5,89;2,66690864;80
Sensor 2;Rua de Sao Tome;00:13:A2:00:41:EF:C6:D3;07/02/2023;19:23;5,89;2,57107092;78
Sensor 2;Rua de Sao Tome;00:13:A2:00:41:EF:C6:D3;07/02/2023;19:29;5,89;2,5752078;80
Sensor 2;Rua de Sao Tome;00:13:A2:00:41:EF:C6:D3;07/02/2023;19:34;5,89;2,61726608;79
Sensor 2;Rua de Sao Tome;00:13:A2:00:41:EF:C6:D3;07/02/2023;19:38;5,79;2,58348156;75
Sensor 2;Rua de Sao Tome;00:13:A2:00:41:EF:C6:D3;07/02/2023;19:44;5,79;2,66690864;80
Sensor 2;Rua de Sao Tome;00:13:A2:00:41:EF:C6:D3;07/02/2023;19:49;5,79;2,5545234;80
Sensor 2;Rua de Sao Tome;00:13:A2:00:41:EF:C6:D3;07/02/2023;19:53;5,79;2,41593792;71
Sensor 2;Rua de Sao Tome;00:13:A2:00:41:EF:C6:D3;07/02/2023;20:04;5,69;2,59175532;79
Sensor 2;Rua de Sao Tome;00:13:A2:00:41:EF:C6:D3;07/02/2023;20:08;5,69;2,48419644;76
Sensor 2;Rua de Sao Tome;00:13:A2:00:41:EF:C6:D3;07/02/2023;20:14;5,69;2,63795048;80
Sensor 2;Rua de Sao Tome;00:13:A2:00:41:EF:C6:D3;07/02/2023;20:19;5,59;2,50901772;81
Sensor 2;Rua de Sao Tome;00:13:A2:00:41:EF:C6:D3;07/02/2023;20:23;5,59;2,6338136;76
Sensor 2;Rua de Sao Tome;00:13:A2:00:41:EF:C6:D3;07/02/2023;20:29;5,59;2,65863488;78
Sensor 2;Rua de Sao Tome;00:13:A2:00:41:EF:C6:D3;07/02/2023;20:34;5,59;2,62967672;79
Sensor 2;Rua de Sao Tome;00:13:A2:00:41:EF:C6:D3;07/02/2023;20:38;5,59;2,5752078;78
Sensor 2;Rua de Sao Tome;00:13:A2:00:41:EF:C6:D3;07/02/2023;20:44;5,5;2,53797588;80
Sensor 2;Rua de Sao Tome;00:13:A2:00:41:EF:C6:D3;07/02/2023;20:49;5,5;2,59175532;80
Sensor 2;Rua de Sao Tome;00:13:A2:00:41:EF:C6:D3;07/02/2023;20:53;5,5;2,54624964;76
Sensor 2;Rua de Sao Tome;00:13:A2:00:41:EF:C6:D3;07/02/2023;20:59;5,5;2,57934468;80
Sensor 2;Rua de Sao Tome;00:13:A2:00:41:EF:C6:D3;07/02/2023;21:00;5,5;2,57934468;80
Sensor 2;Rua de Sao Tome;00:13:A2:00:41:EF:C6:D3;07/02/2023;21:44;5,4;2,68759304;79
Sensor 2;Rua de Sao Tome;00:13:A2:00:41:EF:C6:D3;07/02/2023;21:49;5,3;2,63795048;81
Sensor 2;Rua de Sao Tome;00:13:A2:00:41:EF:C6:D3;07/02/2023;21:53;5,3;2,66690864;78
Sensor 2;Rua de Sao Tome;00:13:A2:00:41:EF:C6:D3;07/02/2023;21:59;5,3;2,62140296;79
Sensor 2;Rua de Sao Tome;00:13:A2:00:41:EF:C6:D3;07/02/2023;22:14;5,2;2,66690864;80
Sensor 2;Rua de Sao Tome;00:13:A2:00:41:EF:C6:D3;07/02/2023;23:21;5,4;2,6958668;76
Sensor 2;Rua de Sao Tome;00:13:A2:00:41:EF:C6:D3;07/02/2023;23:41;5,3;2,654498;79
Sensor 2;Rua de Sao Tome;00:13:A2:00:41:EF:C6:D3;07/02/2023;23:46;5,3;2,63795048;80
Sensor 2;Rua de Sao Tome;00:13:A2:00:41:EF:C6:D3;07/02/2023;23:50;5,3;2,66690864;78
Sensor 2;Rua de Sao Tome;00:13:A2:00:41:EF:C6:D3;08/02/2023;02:45;4,81;2,76205688;78
Sensor 2;Rua de Sao Tome;00:13:A2:00:41:EF:C6:D3;08/02/2023;02:54;4,81;2,74137248;80
Sensor 2;Rua de Sao Tome;00:13:A2:00:41:EF:C6:D3;08/02/2023;02:58;4,81;2,76205688;77
Sensor 2;Rua de Sao Tome;00:13:A2:00:41:EF:C6:D3;08/02/2023;03:03;4,81;2,78274128;81
Sensor 2;Rua de Sao Tome;00:13:A2:00:41:EF:C6:D3;08/02/2023;03:08;4,81;2,7372356;79
Sensor 2;Rua de Sao Tome;00:13:A2:00:41:EF:C6:D3;08/02/2023;04:14;4,52;2,8165258;79
Sensor 2;Rua de Sao Tome;00:13:A2:00:41:EF:C6:D3;08/02/2023;04:22;4,52;2,82479956;77
Sensor 2;Rua de Sao Tome;00:13:A2:00:41:EF:C6:D3;08/02/2023;04:32;4,52;2,83100488;78
Sensor 2;Rua de Sao Tome;00:13:A2:00:41:EF:C6:D3;08/02/2023;04:37;4,52;2,83927864;81
Sensor 2;Rua de Sao Tome;00:13:A2:00:41:EF:C6:D3;08/02/2023;04:42;4,52;2,8165258;78
Sensor 2;Rua de Sao Tome;00:13:A2:00:41:EF:C6:D3;08/02/2023;04:52;4,52;2,82066268;73
Sensor 2;Rua de Sao Tome;00:13:A2:00:41:EF:C6:D3;08/02/2023;04:57;4,52;2,826868;80
Sensor 2;Rua de Sao Tome;00:13:A2:00:41:EF:C6:D3;08/02/2023;05:02;4,52;2,82479956;80
Sensor 2;Rua de Sao Tome;00:13:A2:00:41:EF:C6:D3;08/02/2023;05:14;4,52;2,83927864;79
Sensor 2;Rua de Sao Tome;00:13:A2:00:41:EF:C6:D3;08/02/2023;05:19;4,52;2,83514176;79
Sensor 2;Rua de Sao Tome;00:13:A2:00:41:EF:C6:D3;08/02/2023;05:23;4,52;2,85996304;70
Sensor 2;Rua de Sao Tome;00:13:A2:00:41:EF:C6:D3;08/02/2023;05:28;4,52;2,83927864;80
Sensor 2;Rua de Sao Tome;00:13:A2:00:41:EF:C6:D3;08/02/2023;05:33;4,52;2,83927864;80
Sensor 2;Rua de Sao Tome;00:13:A2:00:41:EF:C6:D3;08/02/2023;05:36;4,52;2,85996304;70
Sensor 2;Rua de Sao Tome;00:13:A2:00:41:EF:C6:D3;08/02/2023;08:14;5,01;2,74550936;78
Sensor 2;Rua de Sao Tome;00:13:A2:00:41:EF:C6:D3;08/02/2023;08:19;5,01;2,65863488;78
Sensor 2;Rua de Sao Tome;00:13:A2:00:41:EF:C6:D3;08/02/2023;08:23;5,01;2,75792;78
Sensor 2;Rua de Sao Tome;00:13:A2:00:41:EF:C6:D3;08/02/2023;08:34;5,01;2,74137248;79
Sensor 2;Rua de Sao Tome;00:13:A2:00:41:EF:C6:D3;08/02/2023;08:38;5,11;2,71241432;78
Sensor 2;Rua de Sao Tome;00:13:A2:00:41:EF:C6:D3;08/02/2023;08:44;5,11;2,72896184;80
Sensor 2;Rua de Sao Tome;00:13:A2:00:41:EF:C6:D3;08/02/2023;08:49;5,11;2,77446752;80
Sensor 2;Rua de Sao Tome;00:13:A2:00:41:EF:C6:D3;08/02/2023;08:53;5,11;2,70827744;77
Sensor 2;Rua de Sao Tome;00:13:A2:00:41:EF:C6:D3;08/02/2023;08:59;5,11;2,74137248;79
Sensor 2;Rua de Sao Tome;00:13:A2:00:41:EF:C6:D3;08/02/2023;09:04;5,2;2,76619376;77
Sensor 2;Rua de Sao Tome;00:13:A2:00:41:EF:C6:D3;08/02/2023;09:08;5,2;2,72482496;77
Sensor 2;Rua de Sao Tome;00:13:A2:00:41:EF:C6:D3;08/02/2023;09:14;5,2;2,69172992;77
Sensor 2;Rua de Sao Tome;00:13:A2:00:41:EF:C6:D3;08/02/2023;09:19;5,2;2,76205688;78
Sensor 2;Rua de Sao Tome;00:13:A2:00:41:EF:C6:D3;08/02/2023;09:23;5,2;2,73309872;77
Sensor 2;Rua de Sao Tome;00:13:A2:00:41:EF:C6:D3;08/02/2023;09:29;5,2;2,71241432;79
Sensor 2;Rua de Sao Tome;00:13:A2:00:41:EF:C6:D3;08/02/2023;09:34;5,2;0,7136118;79
Sensor 2;Rua de Sao Tome;00:13:A2:00:41:EF:C6:D3;08/02/2023;09:38;5,2;0,63294264;78
Sensor 2;Rua de Sao Tome;00:13:A2:00:41:EF:C6:D3;08/02/2023;09:49;5,3;0,67017456;79
Sensor 2;Rua de Sao Tome;00:13:A2:00:41:EF:C6:D3;08/02/2023;09:53;5,3;0,67431144;69
Sensor 2;Rua de Sao Tome;00:13:A2:00:41:EF:C6:D3;08/02/2023;10:04;5,3;0,67431144;79
Sensor 2;Rua de Sao Tome;00:13:A2:00:41:EF:C6:D3;08/02/2023;10:08;5,4;0,66603768;75
Sensor 2;Rua de Sao Tome;00:13:A2:00:41:EF:C6:D3;08/02/2023;10:14;5,4;0,66603768;80
Sensor 2;Rua de Sao Tome;00:13:A2:00:41:EF:C6:D3;08/02/2023;10:19;5,4;0,65776392;78
Sensor 2;Rua de Sao Tome;00:13:A2:00:41:EF:C6:D3;08/02/2023;10:23;5,4;0,65362704;75
Sensor 2;Rua de Sao Tome;00:13:A2:00:41:EF:C6:D3;08/02/2023;10:29;5,4;0,64535328;78
Sensor 2;Rua de Sao Tome;00:13:A2:00:41:EF:C6:D3;08/02/2023;10:34;5,5;0,62466888;77
Sensor 2;Rua de Sao Tome;00:13:A2:00:41:EF:C6:D3;08/02/2023;10:38;5,5;0,60398448;74
Sensor 2;Rua de Sao Tome;00:13:A2:00:41:EF:C6:D3;08/02/2023;10:44;5,69;0,60398448;77
Sensor 2;Rua de Sao Tome;00:13:A2:00:41:EF:C6:D3;08/02/2023;10:49;5,79;0,5998476;79
Sensor 2;Rua de Sao Tome;00:13:A2:00:41:EF:C6:D3;08/02/2023;10:53;5,79;0,58743696;78
Sensor 2;Rua de Sao Tome;00:13:A2:00:41:EF:C6:D3;08/02/2023;10:59;5,79;0,58743696;79
Sensor 2;Rua de Sao Tome;00:13:A2:00:41:EF:C6:D3;08/02/2023;11:04;5,89;0,57088944;79
Sensor 2;Rua de Sao Tome;00:13:A2:00:41:EF:C6:D3;08/02/2023;11:08;5,89;0,5584788;74
Sensor 2;Rua de Sao Tome;00:13:A2:00:41:EF:C6:D3;08/02/2023;11:14;5,89;0,53572596;77
Sensor 2;Rua de Sao Tome;00:13:A2:00:41:EF:C6:D3;08/02/2023;11:19;5,98;0,49780456;80
Sensor 2;Rua de Sao Tome;00:13:A2:00:41:EF:C6:D3;08/02/2023;11:23;5,98;0,49366768;77
Sensor 2;Rua de Sao Tome;00:13:A2:00:41:EF:C6:D3;08/02/2023;11:29;5,98;2,57107092;78
Sensor 2;Rua de Sao Tome;00:13:A2:00:41:EF:C6:D3;08/02/2023;11:34;6,08;2,75792;80
Sensor 2;Rua de Sao Tome;00:13:A2:00:41:EF:C6:D3;08/02/2023;11:38;6,08;2,70827744;76
Sensor 2;Rua de Sao Tome;00:13:A2:00:41:EF:C6:D3;08/02/2023;11:44;6,18;2,70000368;79
Sensor 2;Rua de Sao Tome;00:13:A2:00:41:EF:C6:D3;08/02/2023;11:49;6,38;2,68345616;79
Sensor 2;Rua de Sao Tome;00:13:A2:00:41:EF:C6:D3;08/02/2023;11:53;6,57;2,78687816;76
Sensor 2;Rua de Sao Tome;00:13:A2:00:41:EF:C6:D3;08/02/2023;11:59;6,57;2,68345616;78
Sensor 2;Rua de Sao Tome;00:13:A2:00:41:EF:C6:D3;08/02/2023;12:04;6,57;2,72896184;80
Sensor 2;Rua de Sao Tome;00:13:A2:00:41:EF:C6:D3;08/02/2023;12:08;6,57;2,78274128;75
Sensor 2;Rua de Sao Tome;00:13:A2:00:41:EF:C6:D3;08/02/2023;12:19;6,57;2,6338136;80
Sensor 2;Rua de Sao Tome;00:13:A2:00:41:EF:C6:D3;08/02/2023;12:23;6,57;2,71241432;75
Sensor 2;Rua de Sao Tome;00:13:A2:00:41:EF:C6:D3;08/02/2023;12:44;6,77;2,73309872;78
Sensor 2;Rua de Sao Tome;00:13:A2:00:41:EF:C6:D3;08/02/2023;12:53;6,77;2,67931928;81
Sensor 2;Rua de Sao Tome;00:13:A2:00:41:EF:C6:D3;08/02/2023;12:57;6,77;2,6958668;72
Sensor 2;Rua de Sao Tome;00:13:A2:00:41:EF:C6:D3;08/02/2023;13:02;6,67;2,75378312;79
Sensor 2;Rua de Sao Tome;00:13:A2:00:41:EF:C6:D3;08/02/2023;13:07;6,67;2,6751824;80
Sensor 2;Rua de Sao Tome;00:13:A2:00:41:EF:C6:D3;08/02/2023;13:20;6,67;2,80411516;69
Sensor 2;Rua de Sao Tome;00:13:A2:00:41:EF:C6:D3;08/02/2023;15:59;7,45;2,70000368;79
Sensor 2;Rua de Sao Tome;00:13:A2:00:41:EF:C6:D3;08/02/2023;16:00;7,45;2,70000368;79
Sensor 2;Rua de Sao Tome;00:13:A2:00:41:EF:C6:D3;08/02/2023;16:06;7,55;2,70414056;78
Sensor 2;Rua de Sao Tome;00:13:A2:00:41:EF:C6:D3;08/02/2023;16:10;7,65;2,67104552;77
Sensor 2;Rua de Sao Tome;00:13:A2:00:41:EF:C6:D3;08/02/2023;16:15;7,74;2,6338136;80
Sensor 2;Rua de Sao Tome;00:13:A2:00:41:EF:C6:D3;08/02/2023;16:20;7,84;2,71241432;80
Sensor 2;Rua de Sao Tome;00:13:A2:00:41:EF:C6:D3;08/02/2023;16:24;7,84;2,68345616;77
Sensor 2;Rua de Sao Tome;00:13:A2:00:41:EF:C6:D3;08/02/2023;16:29;7,84;2,66277176;79
Sensor 2;Rua de Sao Tome;00:13:A2:00:41:EF:C6:D3;08/02/2023;16:34;7,84;2,70000368;78
Sensor 2;Rua de Sao Tome;00:13:A2:00:41:EF:C6:D3;08/02/2023;16:38;7,84;2,75378312;70
Sensor 2;Rua de Sao Tome;00:13:A2:00:41:EF:C6:D3;08/02/2023;16:49;7,74;2,72482496;79
Sensor 2;Rua de Sao Tome;00:13:A2:00:41:EF:C6:D3;08/02/2023;16:53;7,74;2,65863488;69
Sensor 2;Rua de Sao Tome;00:13:A2:00:41:EF:C6:D3;08/02/2023;16:59;7,65;2,77446752;80
Sensor 2;Rua de Sao Tome;00:13:A2:00:41:EF:C6:D3;08/02/2023;17:14;7,45;2,72482496;79
Sensor 2;Rua de Sao Tome;00:13:A2:00:41:EF:C6:D3;08/02/2023;17:23;7,35;2,54211276;78
Sensor 2;Rua de Sao Tome;00:13:A2:00:41:EF:C6:D3;08/02/2023;17:27;7,25;2,66277176;77
Sensor 2;Rua de Sao Tome;00:13:A2:00:41:EF:C6:D3;08/02/2023;17:32;7,25;2,70000368;80
Sensor 2;Rua de Sao Tome;00:13:A2:00:41:EF:C6:D3;08/02/2023;17:37;7,16;2,72482496;81
Sensor 2;Rua de Sao Tome;00:13:A2:00:41:EF:C6:D3;08/02/2023;17:41;7,16;2,66690864;77
Sensor 2;Rua de Sao Tome;00:13:A2:00:41:EF:C6:D3;08/02/2023;17:46;7,06;2,67931928;79
Sensor 2;Rua de Sao Tome;00:13:A2:00:41:EF:C6:D3;08/02/2023;17:51;7,06;2,65863488;79
Sensor 2;Rua de Sao Tome;00:13:A2:00:41:EF:C6:D3;08/02/2023;17:55;7,06;2,62553984;76
Sensor 2;Rua de Sao Tome;00:13:A2:00:41:EF:C6:D3;08/02/2023;18:30;6,86;2,65863488;81
Sensor 2;Rua de Sao Tome;00:13:A2:00:41:EF:C6:D3;08/02/2023;18:38;6,86;2,60071856;80
Sensor 2;Rua de Sao Tome;00:13:A2:00:41:EF:C6:D3;08/02/2023;18:41;6,86;2,62967672;75
Sensor 2;Rua de Sao Tome;00:13:A2:00:41:EF:C6:D3;08/02/2023;18:46;6,77;2,59658168;80
Sensor 2;Rua de Sao Tome;00:13:A2:00:41:EF:C6:D3;08/02/2023;18:51;6,77;2,55866028;80
Sensor 2;Rua de Sao Tome;00:13:A2:00:41:EF:C6:D3;08/02/2023;18:55;6,77;2,57934468;74
Sensor 2;Rua de Sao Tome;00:13:A2:00:41:EF:C6:D3;08/02/2023;19:00;6,67;2,62553984;77
Sensor 2;Rua de Sao Tome;00:13:A2:00:41:EF:C6:D3;08/02/2023;19:05;6,67;2,59658168;80
Sensor 2;Rua de Sao Tome;00:13:A2:00:41:EF:C6:D3;08/02/2023;19:09;6,67;2,533839;78
Sensor 2;Rua de Sao Tome;00:13:A2:00:41:EF:C6:D3;08/02/2023;19:14;6,57;2,6338136;78
Sensor 2;Rua de Sao Tome;00:13:A2:00:41:EF:C6:D3;08/02/2023;19:19;6,57;2,68345616;80
Sensor 2;Rua de Sao Tome;00:13:A2:00:41:EF:C6:D3;08/02/2023;19:27;6,57;2,56279716;78
Sensor 2;Rua de Sao Tome;00:13:A2:00:41:EF:C6:D3;08/02/2023;19:32;6,47;2,57107092;80
Sensor 2;Rua de Sao Tome;00:13:A2:00:41:EF:C6:D3;08/02/2023;19:37;6,47;2,54624964;79
Sensor 2;Rua de Sao Tome;00:13:A2:00:41:EF:C6:D3;08/02/2023;19:40;6,47;2,58761844;77
Sensor 2;Rua de Sao Tome;00:13:A2:00:41:EF:C6:D3;08/02/2023;19:45;6,47;2,5752078;79
Sensor 2;Rua de Sao Tome;00:13:A2:00:41:EF:C6:D3;08/02/2023;19:50;6,47;2,55038652;80
Sensor 2;Rua de Sao Tome;00:13:A2:00:41:EF:C6:D3;08/02/2023;19:54;6,47;2,62140296;77
Sensor 2;Rua de Sao Tome;00:13:A2:00:41:EF:C6:D3;08/02/2023;20:15;6,47;2,50901772;80
Sensor 2;Rua de Sao Tome;00:13:A2:00:41:EF:C6:D3;08/02/2023;20:20;6,47;2,52970212;79
Sensor 2;Rua de Sao Tome;00:13:A2:00:41:EF:C6:D3;08/02/2023;20:23;6,47;2,5545234;77
Sensor 2;Rua de Sao Tome;00:13:A2:00:41:EF:C6:D3;08/02/2023;20:29;6,38;2,55038652;77
Sensor 2;Rua de Sao Tome;00:13:A2:00:41:EF:C6:D3;08/02/2023;22:44;6,08;2,6958668;79
Sensor 2;Rua de Sao Tome;00:13:A2:00:41:EF:C6:D3;08/02/2023;22:49;6,08;2,6958668;79
Sensor 2;Rua de Sao Tome;00:13:A2:00:41:EF:C6:D3;08/02/2023;22:53;6,08;2,64622424;76
Sensor 2;Rua de Sao Tome;00:13:A2:00:41:EF:C6:D3;08/02/2023;22:59;6,08;2,70000368;79
Sensor 2;Rua de Sao Tome;00:13:A2:00:41:EF:C6:D3;08/02/2023;23:04;6,08;2,6958668;80
Sensor 2;Rua de Sao Tome;00:13:A2:00:41:EF:C6:D3;08/02/2023;23:08;6,08;2,70000368;77
Sensor 2;Rua de Sao Tome;00:13:A2:00:41:EF:C6:D3;08/02/2023;23:14;6,08;2,68345616;79
Sensor 2;Rua de Sao Tome;00:13:A2:00:41:EF:C6:D3;08/02/2023;23:19;6,08;2,66277176;79
Sensor 2;Rua de Sao Tome;00:13:A2:00:41:EF:C6:D3;08/02/2023;23:23;6,08;2,70414056;78
Sensor 2;Rua de Sao Tome;00:13:A2:00:41:EF:C6:D3;08/02/2023;23:29;6,08;2,65863488;78
Sensor 2;Rua de Sao Tome;00:13:A2:00:41:EF:C6:D3;08/02/2023;23:44;6,08;2,7372356;80
Sensor 2;Rua de Sao Tome;00:13:A2:00:41:EF:C6:D3;08/02/2023;23:50;5,98;2,72896184;80
Sensor 2;Rua de Sao Tome;00:13:A2:00:41:EF:C6:D3;08/02/2023;23:54;5,98;2,7372356;76
Sensor 2;Rua de Sao Tome;00:13:A2:00:41:EF:C6:D3;08/02/2023;23:59;5,98;2,70000368;78
Sensor 2;Rua de Sao Tome;00:13:A2:00:41:EF:C6:D3;09/02/2023;00:04;5,98;2,66690864;79
Sensor 2;Rua de Sao Tome;00:13:A2:00:41:EF:C6:D3;09/02/2023;00:08;5,98;2,6958668;76
Sensor 2;Rua de Sao Tome;00:13:A2:00:41:EF:C6:D3;09/02/2023;00:14;5,98;2,72068808;80
Sensor 2;Rua de Sao Tome;00:13:A2:00:41:EF:C6:D3;09/02/2023;00:19;5,98;2,6958668;79
Sensor 2;Rua de Sao Tome;00:13:A2:00:41:EF:C6:D3;09/02/2023;00:29;5,89;2,69172992;78
Sensor 2;Rua de Sao Tome;00:13:A2:00:41:EF:C6:D3;09/02/2023;00:39;5,89;2,6958668;80
Sensor 2;Rua de Sao Tome;00:13:A2:00:41:EF:C6:D3;09/02/2023;00:43;5,89;2,70000368;78
Sensor 2;Rua de Sao Tome;00:13:A2:00:41:EF:C6:D3;09/02/2023;00:48;5,89;2,6958668;78
Sensor 2;Rua de Sao Tome;00:13:A2:00:41:EF:C6:D3;09/02/2023;01:02;5,89;2,68345616;78
Sensor 2;Rua de Sao Tome;00:13:A2:00:41:EF:C6:D3;09/02/2023;01:07;5,79;2,7165512;80
Sensor 2;Rua de Sao Tome;00:13:A2:00:41:EF:C6:D3;09/02/2023;01:11;5,79;2,6958668;77
Sensor 2;Rua de Sao Tome;00:13:A2:00:41:EF:C6:D3;09/02/2023;01:16;5,79;2,70000368;77
Sensor 2;Rua de Sao Tome;00:13:A2:00:41:EF:C6:D3;09/02/2023;01:21;5,79;2,66277176;79
Sensor 2;Rua de Sao Tome;00:13:A2:00:41:EF:C6:D3;09/02/2023;01:25;5,79;2,67931928;69
Sensor 2;Rua de Sao Tome;00:13:A2:00:41:EF:C6:D3;09/02/2023;01:30;5,79;2,6131292;77
Sensor 2;Rua de Sao Tome;00:13:A2:00:41:EF:C6:D3;09/02/2023;01:35;5,79;2,62140296;79
Sensor 2;Rua de Sao Tome;00:13:A2:00:41:EF:C6:D3;09/02/2023;01:39;5,69;2,66690864;77
Sensor 2;Rua de Sao Tome;00:13:A2:00:41:EF:C6:D3;09/02/2023;01:44;5,69;2,68345616;78
Sensor 2;Rua de Sao Tome;00:13:A2:00:41:EF:C6:D3;09/02/2023;01:49;5,69;2,6958668;80
Sensor 2;Rua de Sao Tome;00:13:A2:00:41:EF:C6:D3;09/02/2023;01:53;5,69;2,70000368;70
Sensor 2;Rua de Sao Tome;00:13:A2:00:41:EF:C6:D3;09/02/2023;01:59;5,69;2,6958668;79
Sensor 2;Rua de Sao Tome;00:13:A2:00:41:EF:C6:D3;09/02/2023;02:04;5,69;2,70414056;78
Sensor 2;Rua de Sao Tome;00:13:A2:00:41:EF:C6:D3;09/02/2023;02:08;5,69;2,70000368;76
Sensor 2;Rua de Sao Tome;00:13:A2:00:41:EF:C6:D3;09/02/2023;02:14;5,69;2,69172992;77
Sensor 2;Rua de Sao Tome;00:13:A2:00:41:EF:C6:D3;09/02/2023;02:19;5,59;2,75378312;79
Sensor 2;Rua de Sao Tome;00:13:A2:00:41:EF:C6:D3;09/02/2023;02:23;5,59;2,72482496;71
Sensor 2;Rua de Sao Tome;00:13:A2:00:41:EF:C6:D3;09/02/2023;02:29;5,59;2,72482496;78
Sensor 2;Rua de Sao Tome;00:13:A2:00:41:EF:C6:D3;09/02/2023;02:34;5,59;2,72896184;78
Sensor 2;Rua de Sao Tome;00:13:A2:00:41:EF:C6:D3;09/02/2023;02:44;5,59;2,7372356;79
Sensor 2;Rua de Sao Tome;00:13:A2:00:41:EF:C6:D3;09/02/2023;02:52;5,59;2,77033064;80
Sensor 2;Rua de Sao Tome;00:13:A2:00:41:EF:C6:D3;09/02/2023;02:56;5,59;2,72896184;76
Sensor 2;Rua de Sao Tome;00:13:A2:00:41:EF:C6:D3;09/02/2023;03:01;5,5;2,75792;80
Sensor 2;Rua de Sao Tome;00:13:A2:00:41:EF:C6:D3;09/02/2023;03:06;5,5;2,7372356;80
Sensor 2;Rua de Sao Tome;00:13:A2:00:41:EF:C6:D3;09/02/2023;03:10;5,5;2,75378312;77
Sensor 2;Rua de Sao Tome;00:13:A2:00:41:EF:C6:D3;09/02/2023;03:44;5,4;2,7992888;79
Sensor 2;Rua de Sao Tome;00:13:A2:00:41:EF:C6:D3;09/02/2023;04:06;5,4;2,80411516;77
Sensor 2;Rua de Sao Tome;00:13:A2:00:41:EF:C6:D3;09/02/2023;04:26;5,4;2,83100488;79
Sensor 2;Rua de Sao Tome;00:13:A2:00:41:EF:C6:D3;09/02/2023;07:30;5,01;2,72482496;79
Sensor 2;Rua de Sao Tome;00:13:A2:00:41:EF:C6:D3;09/02/2023;07:40;5,01;2,70414056;77
Sensor 2;Rua de Sao Tome;00:13:A2:00:41:EF:C6:D3;09/02/2023;07:43;5,01;2,75792;76
Sensor 2;Rua de Sao Tome;00:13:A2:00:41:EF:C6:D3;09/02/2023;07:52;5,01;2,67104552;77
Sensor 2;Rua de Sao Tome;00:13:A2:00:41:EF:C6:D3;09/02/2023;09:59;5,79;2,67104552;79
Sensor 2;Rua de Sao Tome;00:13:A2:00:41:EF:C6:D3;09/02/2023;10:01;5,79;2,67104552;79
Sensor 2;Rua de Sao Tome;00:13:A2:00:41:EF:C6:D3;09/02/2023;11:44;9,31;2,70827744;80
